:1000000002C0E102B9EA53B6FD323202C1DD53B695
:10001000FE3232020006758F01223202000EE4FF2A
:10002000FE12004E0000EF25E0FF308E034401FF7A
:1000300012C1E900000EEEB408E72202BB5702C16C
:10004000CF000002000AC28D220000020012C2830B
:1000500022000002001A0001010101010101010159
:10006000020202020203030303040404040505055B
:100070000606070707080809090A0A0B0C0C0D0EEB
:100080000E0F1010111213141415161718191A1B2D
:100090001C1D1F20212223252627292A2B2D2E3007
:1000A00032333536383A3C3D3F41434547494B4D65
:1000B0004F525456585B5D5F6264FFFEFDFCFBFAD5
:1000C000F9F8F7F6F5F4F3F2F1F0EFEEEDECEBEA18
:1000D000E9E8E7E6E5E4E3E2E1E0DFDEDDDCDBDA08
:1000E000D9D8D7D6D5D4D3D2D1D0CFCECDCCCBCAF8
:1000F000C9C8C7C6C5C4C3C2C1C0BFBEBDBCBBBAE8
:10010000B9B8B7B6B5B4B3B2B1B0AFAEADACABAAD7
:10011000A9A8A7A6A5A4A3A2A1A09F9E9D9C9B9AC7
:10012000999897969594939291908F8E8D8C8B8AB7
:10013000898887868584838281807F7E7D7C7B7AA7
:10014000797877767574737271706F6E6D6C6B6A97
:10015000696867666564636261605F5E5D5C5B5A87
:10016000595857565554535251504F4E4D4C4B4A77
:10017000494847464544434241403F3E3D3C3B3A67
:10018000393837363534333231302F2E2D2C2B2A57
:10019000292827262524232221201F1E1D1C1B1A47
:1001A000191817161514131211100F0E0D0C0B0A37
:1001B0000908070605040302010000000000000012
:1001C000000000000000000000000000000000002F
:1001D000000000000000000000000000000000001F
:1001E000000000000000000000000000000000000F
:1001F00000000000000000000000000000000000FF
:1002000000000000000000000000000000000000EE
:1002100000000000000000000000000000000000DE
:1002200000000000000000000000000000000000CE
:1002300000000000000000000000000000000000BE
:1002400000000000000000000000000000000000AE
:10025000000000000000000000000000000000009E
:10026000000000000000000000000000000000008E
:10027000000000000000000000000000000000007E
:10028000000000000000000000000000000000006E
:10029000000000000000000000000000000000005E
:1002A000000000000000000000000000000000004E
:1002B000000000000000000000000001020304052F
:1002C000060708090A0B0C0D0E0F10111213141556
:1002D000161718191A1B1C1D1E1F20212223242546
:1002E000262728292A2B2C2D2E2F30313233343536
:1002F000363738393A3B3C3D3E3F40414243444526
:10030000464748494A4B4C4D4E4F50515253545515
:10031000565758595A5B5C5D5E5F60616263646505
:10032000666768696A6B6C6D6E6F707172737475F5
:10033000767778797A7B7C7D7E7F808182838485E5
:10034000868788898A8B8C8D8E8F909192939495D5
:10035000969798999A9B9C9D9E9FA0A1A2A3A4A5C5
:10036000A6A7A8A9AAABACADAEAFB0B1B2B3B4B5B5
:10037000B6B7B8B9BABBBCBDBEBFC0C1C2C3C4C5A5
:10038000C6C7C8C9CACBCCCDCECFD0D1D2D3D4D595
:10039000D6D7D8D9DADBDCDDDEDFE0E1E2E3E4E585
:1003A000E6E7E8E9EAEBECEDEEEFF0F1F2F3F4F575
:1003B000F6F7F8F9FAFBFCFDFEFF64636261605F2B
:1003C0005E5D5C5B5A595857565554535251504FC5
:1003D0004E4D4C4B4A494847464544434241403FB5
:1003E0003E3D3C3B3A393837363534333231302FA5
:1003F0002E2D2C2B2A292827262524232221201F95
:100400001E1D1C1B1A191817161514131211100F84
:100410000E0D0C0B0A090807060504030201000073
:1004200000000000000000000000000000000000CC
:1004300000000000000000000000000000000000BC
:1004400000000000000000000000000000000000AC
:10045000000000000000000000000000000000009C
:10046000000000000000000000000000000000008C
:10047000000000000000000000000000000000007C
:1004800000000102030405060708090A0B0C0D0E03
:100490000F101112131415161718191A1B1C1D1EF4
:1004A0001F202122232425262728292A2B2C2D2EE4
:1004B0002F303132333435363738393A3B3C3D3ED4
:1004C0003F404142434445464748494A4B4C4D4EC4
:1004D0004F505152535455565758595A5B5C5D5EB4
:1004E0005F60616263640001020304050607080996
:1004F0000A0B0C0D0E0F10111213141516171819E4
:100500001A1B1C1D1E1F20212223242526272829D3
:100510002A2B2C2D2E2F30313233343536373839C3
:100520003A3B3C3D3E3F40414243444546474849B3
:100530004A4B4C4D4E4F50515253545556575859A3
:100540005A5B5C5D5E5F6061626364656667686993
:100550006A6B6C6D6E6F7071727374757677787983
:100560007A7B7C7D7E7F8081828384858687888973
:100570008A8B8C8D8E8F9091929394959697989963
:100580009A9B9C9D9E9FA0A1A2A3A4A5A6A7A8A953
:10059000AAABACADAEAFB0B1B2B3B4B5B6B7B8B943
:1005A000BABBBCBDBEBFC0C1C2C3C4C5C6C7C8C933
:1005B000CACBCCCDCECFD0D1D2D3D4D5D6D7D8D923
:1005C000DADBDCDDDEDFE0E1E2E3E4E5E6E7E8E913
:1005D000EAEBECEDEEEFF0F1F2F3F4F5F6F7F8F903
:1005E000FAFBFCFDFEFFFFFEFDFCFBFAF9F8F7F657
:1005F000F5F4F3F2F1F0EFEEEDECEBEAE9E8E7E623
:10060000E5E4E3E2E1E0DFDEDDDCDBDAD9D8D7D612
:10061000D5D4D3D2D1D0CFCECDCCCBCAC9C8C7C602
:10062000C5C4C3C2C1C0BFBEBDBCBBBAB9B8B7B6F2
:10063000B5B4B3B2B1B0AFAEADACABAAA9A8A7A6E2
:10064000A5A4A3A2A1A09F9E9D9C9B9A99989796D2
:100650009594939291908F8E8D8C8B8A89888786C2
:100660008584838281807F7E7D7C7B7A79787776B2
:100670007574737271706F6E6D6C6B6A69686766A2
:100680006564636261605F5E5D5C5B5A5958575692
:100690005554535251504F4E4D4C4B4A4948474682
:1006A0004544434241403F3E3D3C3B3A3938373672
:1006B0003534333231302F2E2D2C2B2A2928272662
:1006C0002524232221201F1E1D1C1B1A1918171652
:1006D0001514131211100F0E0D0C0B0A0908070642
:1006E00005040302010000000000000000000000FB
:1006F00000000000000000000000000000000000FA
:1007000000000000000000000000000000000000E9
:1007100000000000000000000000000000000000D9
:1007200000000000000000000000000000000000C9
:1007300000000000000000000000000000000000B9
:1007400000000000000000000000000000000000A9
:100750000000000000000000000000000000000099
:100760000000000000000000000000000000000089
:100770000000000000000000000000000000000079
:100780000000000000000000000000000000000069
:100790000000000000000000000000000000000059
:1007A0000000000000000000000000000000000049
:1007B0000000000000000000000000000000000039
:1007C0000000000000000000000000000000000029
:1007D0000000000000000000000000000000000019
:1007E0000000000000000102030405060708090AD2
:1007F0000B0C0D0E0F101112131415161718191AD1
:100800001B1C1D1E1F202122232425262728292AC0
:100810002B2C2D2E2F303132333435363738393AB0
:100820003B3C3D3E3F404142434445464748494AA0
:100830004B4C4D4E4F505152535455565758595A90
:100840005B5C5D5E5F606162636464636261605FA4
:100850005E5D5C5B5A595857565554535251504F30
:100860004E4D4C4B4A494847464544434241403F20
:100870003E3D3C3B3A393837363534333231302F10
:100880002E2D2C2B2A292827262524232221201F00
:100890001E1D1C1B1A191817161514131211100FF0
:1008A0000E0D0C0B0A0908070605040302010000DF
:1008B0000000000000000000000000000000000038
:1008C0000000000000000000000000000000000028
:1008D0000000000000000000000000000000000018
:1008E0000000000000000000000000000000000008
:1008F00000000000000000000000000000000000F8
:1009000000000000000000000000000000000000E7
:1009100000000000000000000000000000000000D7
:1009200000000000000000000000000000000000C7
:1009300000000000000000000000000000000000B7
:1009400000000000000000000000000000000000A7
:100950000000000000000000000000000000000097
:100960000000000000000000000000000000000087
:100970000000000000000000000000000000000077
:100980000000000000000000000000000000000067
:100990000000000000000000000000000000000057
:1009A0000000000000000000000000000000000047
:1009B0000000000000000000000000000000000037
:1009C0000000000000000000000000000000000027
:1009D0000000000000000000000000000000000017
:1009E0000000000000000000000000000000000007
:1009F00000000000000000000000000000000000F7
:100A000000000000000000000000000000000000E6
:100A10000000000102030405060708090A0B0C0D7B
:100A20000E0F101112131415161718191A1B1C1D6E
:100A30001E1F202122232425262728292A2B2C2D5E
:100A40002E2F303132333435363738393A3B3C3D4E
:100A50003E3F404142434445464748494A4B4C4D3E
:100A60004E4F505152535455565758595A5B5C5D2E
:100A70005E5F606162636465666768696A6B6C6D1E
:100A80006E6F707172737475767778797A7B7C7D0E
:100A90007E7F808182838485868788898A8B8C8DFE
:100AA0008E8F909192939495969798999A9B9C9DEE
:100AB0009E9FA0A1A2A3A4A5A6A7A8A9AAABACADDE
:100AC000AEAFB0B1B2B3B4B5B6B7B8B9BABBBCBDCE
:100AD000BEBFC0C1C2C3C4C5C6C7C8C9CACBCCCDBE
:100AE000CECFD0D1D2D3D4D5D6D7D8D9DADBDCDDAE
:100AF000DEDFE0E1E2E3E4E5E6E7E8E9EAEBECED9E
:100B0000EEEFF0F1F2F3F4F5F6F7F8F9FAFBFCFD8D
:100B1000FEFFFFFEFDFCFBFAF9F8F7F6F5F4F3F241
:100B2000F1F0EFEEEDECEBEAE9E8E7E6E5E4E3E22D
:100B3000E1E0DFDEDDDCDBDAD9D8D7D6D5D4D3D21D
:100B4000D1D0CFCECDCCCBCAC9C8C7C6C5C4C3C20D
:100B5000C1C0BFBEBDBCBBBAB9B8B7B6B5B4B3B2FD
:100B6000B1B0AFAEADACABAAA9A8A7A6A5A4A3A2ED
:100B7000A1A09F9E9D9C9B9A9998979695949392DD
:100B800091908F8E8D8C8B8A8988878685848382CD
:100B900081807F7E7D7C7B7A7978777675747372BD
:100BA00071706F6E6D6C6B6A6968676665646362AD
:100BB00061605F5E5D5C5B5A59585756555453529D
:100BC00051504F4E4D4C4B4A49484746454443428D
:100BD00041403F3E3D3C3B3A39383736353433327D
:100BE00031302F2E2D2C2B2A29282726252423226D
:100BF00021201F1E1D1C1B1A19181716151413125D
:100C000011100F0E0D0C0B0A09080706050403024C
:100C100001000000000000000000000000000000D3
:100C200000000000000000000000000000000000C4
:100C300000000000000000000000000000000000B4
:100C400000000000000000000000000000000000A4
:100C50000000000000000000000000000000000094
:100C60000000000000000000000000000000000084
:100C70000000000000000102030405060708090A3D
:100C80000B0C0D0E0F101112131415161718191A3C
:100C90001B1C1D1E1F202122232425262728292A2C
:100CA0002B2C2D2E2F303132333435363738393A1C
:100CB0003B3C3D3E3F404142434445464748494A0C
:100CC0004B4C4D4E4F505152535455565758595AFC
:100CD0005B5C5D5E5F606162636464636261605F10
:100CE0005E5D5C5B5A595857565554535251504F9C
:100CF0004E4D4C4B4A494847464544434241403F8C
:100D00003E3D3C3B3A393837363534333231302F7B
:100D10002E2D2C2B2A292827262524232221201F6B
:100D20001E1D1C1B1A191817161514131211100F5B
:100D30000E0D0C0B0A090807060504030201FAF65A
:100D4000F2EFEBE7E3E0DEDAD6D3CFCCC8C5C1BE25
:100D5000BBB9B6B2AFACA8A5A2A19D9A9794918E4B
:100D60008B8A8784817F7C79767573706D6B6866FA
:100D70006362605D5B58565452514E4C4A4846443B
:100D800042403F3D3C3B3938373634333231302EE8
:100D90002D2C2B2927262422201F1E1D1B1A191833
:100DA0001716141312110E0C0A0908070605030280
:100DB0000100000000000000000000000000000032
:100DC0000000000000000000000000000000000023
:100DD0000000000000000000000000000000000013
:100DE0000000000000000000000000000000000003
:100DF00000000000000000000000000000000000F3
:100E000000000000000000000000000000000000E2
:100E100000000000000000000000000000000000D2
:100E200000000000000000000000000000000000C2
:100E300000000000000000000000000000000000B2
:100E400000000000000000000000000000000000A2
:100E50000000000000000000000000000000000092
:100E60000000000000000000000000000000000082
:100E70000000000000000000000000000000000072
:100E80000000000000000000000000000000000062
:100E90000000000000000000000000000000000052
:100EA0000000000000000000000000000000000042
:100EB0000000000000000000000000000000000032
:100EC0000000000000000000000000000000000022
:100ED0000000000000000000000000000000000012
:100EE0000000000000000000000000000000000002
:100EF00000000000000000000000000000000000F2
:100F000000000000000000000000000000000000E1
:100F100000000000000000000000000000000000D1
:100F200000000000000000000000000000000000C1
:100F300000000000000000000000000000000000B1
:100F400000000000000000000000000000000000A1
:100F50000000000000000000000000000000000091
:100F60000000000000000000000000000000000081
:100F70000000000000000000000000000000000071
:100F80000000000000000000000000000000000061
:100F90000000000000000000000000000000000051
:100FA0000000000000000000000000000000000041
:100FB0000000000000000000000000000000000031
:100FC00001020305060708090A0C0E111213141674
:100FD0001718191A1B1D1E1F2022242627292B2C07
:100FE0002D2E3031323334363738393B3C3D3F409B
:100FF000424446484A4C4E51525456585B5D6062DA
:101000006366686B6D70737576797C7F8184878A7F
:101010008B8E9194979A9DA1A2A5A8ACAFB2B6B9B8
:10102000BBBEC1C5C8CCCFD3D5D8DCE0E3E7EBEF7E
:10103000F2F6FAFAFAFAFAFAFAFAFAFAFAFAFAFA1C
:10104000FAFAFAFAFAFAFAFAFAFAFAFAFAFAFAFA00
:10105000FAFAFAFAFAFAFAFAFAFAFAFAFAFAFAFAF0
:10106000FAFAFAFAFAFAFAFAFAFAFAFAFAFAFAFAE0
:10107000FAFAFAFAFAFAFAFAFAFAFAFAFAFAFAFAD0
:10108000FAFAFAFAFAFAFAFAFAFAFAFAFAFAFAFAC0
:10109000FAFAFAFAFAFAFAFAFAFAFAFAFAFAFAFAB0
:1010A000FAFAFAFAFAFAFAFAFAFAFAFAFAFAFAFAA0
:1010B000FAFAFAFAFAFAFAFAFAFAFAFAFAFAFAFA90
:1010C000FAFAFAFAFAFAFAFAFAFAFAFAFAFAFAFA80
:1010D000FAFAFAFAFAFAFAFAFAFAFAFAFAFAFAFA70
:1010E000FAFAFAFAFAFAFAFAFAFAFAFAFAFAFAFA60
:1010F000FAFAFAFAFAFAFAFAFAFAFAFAFAFAFAFA50
:10110000FA000000000000000000000000000000E5
:1011100000000000000000000000000000000000CF
:1011200000000000000000000000000000000000BF
:1011300000000000000000000000000000000000AF
:10114000000000000000000000000000000000009F
:10115000000000000000000000000000000000008F
:10116000000000000000000000000000000000007F
:10117000000000000000000000000000000000006F
:10118000000000000000000000000000000000005F
:10119000000000000000000000000000000000004F
:1011A000000000000000000000000000000000003F
:1011B000000000000000000000000000000000002F
:1011C000000000000000000000000000000000001F
:1011D000000000000000000000000000000000000F
:1011E00000000000000000000000000000000000FF
:1011F00000000000000000000000000000000000EF
:1012000000000000000000000000000000000000DE
:1012100000000000000000000000000000000000CE
:1012200000000000000000000000000000000000BE
:1012300000000000000000000000000000000000AE
:10124000000001020305060708090A0C0E1112131B
:1012500014161718191A1B1D1E1F202224262729B1
:101260002B2C2D2E3031323334363738393B3C3D40
:101270003F40424446484A4C4E51525456585B5D9A
:1012800060626366686B6D70737576797C7D7D7D59
:101290007D7D7D7D7D7D7D7D7D7D7D7D7D7D7D7D7E
:1012A0007D7D7D7D7D7D7D7D7D7D7D7D7D7D7D7D6E
:1012B0007D7D7D7D7D7D7D7D7D7D7D7D7D7D7D7D5E
:1012C0007D7D7D7D7D7D7D7D7D7D7D7D7D7D7D7D4E
:1012D0007D7D7D7D7D7D7D7D7D7D7D7D7D7D7D7D3E
:1012E0007D7D7D7D7D7D7D7D7D7D7D7D7D7D7D7D2E
:1012F0007D7D7D7D7D7D7D7D7D7D7D7D7D7D7D7D1E
:101300007D7D7D7D7D7D7D7D7D7D7D7D7D7D7D7D0D
:101310007D7D7D7D7D7D7D7D7D7D7D7D7D7D7D7DFD
:101320007D7D7D7D7D7D7D7D7D7D7D7D7D7D7D7DED
:101330007D7D7D7D7D7D7D7D7D7D7D7D7D7D7D7DDD
:101340007D7D7D7D7D7D7D7D7D7D7D7D7D7D7D7DCD
:101350007D7D7D7D7D7D7D7D7D7D7D7D7D7D7D7DBD
:101360007D7D7D7D7D7D7D7D7D7D7D7D7D7D7D7DAD
:101370007D7D7D7D7D7D7D7D7D7D7D7D7D7D7D7D9D
:101380007D7D7D7D7D7D7D7D7D7D7D7D7D7D7D7D8D
:101390007D7D7D7D7D7D7D7D7D7D7D7D7D7D7D7D7D
:1013A0007D7D7D7D7D7D7D7D7D7D7D7C797675738B
:1013B000706D6B68666362605D5B58565452514E47
:1013C0004C4A48464442403F3D3C3B39383736342E
:1013D000333231302E2D2C2B2927262422201F1E7C
:1013E0001D1B1A19181716141312110E0C0A0908CE
:1013F00007060503020100000000000000000000D5
:1014000000000000000000000000000000000000DC
:1014100000000000000000000000000000000000CC
:1014200000000000000000000000000000000000BC
:1014300000000000000000000000000000000000AC
:10144000000000000000000000000000000000009C
:10145000000000000000000000000000000000008C
:10146000000000000000000000000000000000007C
:10147000000000000000000000000000000000006C
:10148000000000000000000000000000000000005C
:10149000000000000000000000000000000000004C
:1014A000000000000000000000000000000000003C
:1014B000000000000000000000000000000000002C
:1014C0000000000001020305060708090A0C0E11BE
:1014D000121314161718191A1B1D1E1F202224265A
:1014E00027292B2C2D2E3031323334363738393BE7
:1014F0003C3D3F40424446484A4C4E515254565857
:101500005B5D60626366686B6D70737576797C7F16
:101510008184878A8B8E9194979A9DA1A2A5A8AC6D
:10152000AFB2B6B9BBBEC1C5C8CCCFD3D5D8DCE04D
:10153000E3E7EBEFF2F6FAFAFAFAFAFAFAFAFAFA5B
:10154000FAFAFAFAFAFAFAFAFAFAFAFAFAFAFAFAFB
:10155000FAFAFAFAFAFAFAFAFAFAFAFAFAFAFAFAEB
:10156000FAFAFAFAFAFAFAFAFAFAFAFAFAFAFAFADB
:10157000FAFAFAFAFAFAFAFAFAFAFAFAFAFAFAFACB
:10158000FAFAFAFAFAFAFAFAFAFAFAFAFAFAFAFABB
:10159000FAFAFAFAFAFAFAFAFAFAFAFAFAFAFAFAAB
:1015A000FAFAFAFAFAFAFAFAFAFAFAFAFAFAFAFA9B
:1015B000FAFAFAFAFAFAFAFAFAFAFAFAFAFAFAFA8B
:1015C000FAFAFAFAFAFAFAFAFAFAFAFAFAFAFAFA7B
:1015D000FAFAFAFAFAFAFAFAFAFAFAFAFAFAFAFA6B
:1015E000FAFAFAFAFAFAFAFAFAFAFAFAFAFAFAFA5B
:1015F000FAFAFAFAFAFAFAFAFAFAFAFAFAFAFAFA4B
:10160000FAFAFAFAFAFAF6F2EFEBE7E3E0DEDAD604
:10161000D3CFCCC8C5C1BEBBB9B6B2AFACA8A5A22A
:10162000A19D9A9794918E8B8A8784817F7C79760D
:101630007573706D6B68666362605D5B585654527B
:10164000514E4C4A48464442403F3D3C3B39383776
:101650003634333231302E2D2C2B292726242220CC
:101660001F1E1D1B1A19181716141312110E0C0A1F
:101670000908070605030201000000000000000041
:10168000000000000000000000000000000000005A
:10169000000000000000000000000000000000004A
:1016A000000000000000000000000000000000003A
:1016B000000000000000000000000000000000002A
:1016C000000000000000000000000000000000001A
:1016D000000000000000000000000000000000000A
:1016E00000000000000000000000000000000000FA
:1016F00000000000000000000000000000000000EA
:1017000000000000000000000000000000000000D9
:1017100000000000000000000000000000000000C9
:1017200000000000000000000000000000000000B9
:1017300000000000000000000000000000000000A9
:101740000000000000000000000000000000000099
:101750000000000000000000000000000000000089
:101760000000000000000000000000000000000079
:101770000000000000000000000000000000000069
:101780000000000000000000000000000000000059
:101790000000000000000000000000000000000049
:1017A0000000000000000000000000000000000039
:1017B0000000000000000000000000000000000029
:1017C0000000000000000000000000000000000019
:1017D0000000000000000000000000000000000009
:1017E00000000000000000000000000000000000F9
:1017F00000000000000000000000000000000000E9
:1018000000000000000000000000000000000000D8
:1018100000000000000000000000000000000000C8
:1018200000000000000000000000000000000000B8
:1018300000000000000000000000000000000000A8
:101840000000000000000000000000000000000098
:101850000000000000000000000000000000000088
:101860000000000000000000000000000000000078
:101870000000000000000000000000000000000068
:10188000000000000000009008E4EFF0E4782BF680
:10189000782BE6F9C394174003022DBC9008E5E0CD
:1018A000FCA3E0FDA3E0FEA3E0FFA801128145EF49
:1018B00054017003022DB69008E4E0FB25E025E01A
:1018C00024C7F582E43408F583E0FCA3E0FDA3E03F
:1018D000FEA3E0FF782BE6F9F8128145EF54017082
:1018E00004C2008002D200EB64057076E9640A70DD
:1018F0007130002C9008E9F09008E9E0FFC39410E3
:10190000501874062FF582E43407F583E060030273
:101910002DBC9008E9E004F080DED210D2148042A1
:101920009008E4E0FFAD0112943FC210C219E478C0
:101930001CF608F69008E9F09008E9E0FFC394105F
:10194000502074062FF582E43407F583E4F07446E2
:101950002FF582E43407F583E4F09008E9E004F021
:1019600080D69008E4E064016003021B3B782BE61C
:1019700064116003021B3B201003021B3B20000389
:10198000022DBC7869E6FFC39420405FEFD3942416
:101990005059301703022DBCD217E47863F6C226E3
:1019A000D21B8F1112A0BFE511B420089007A974B3
:1019B000ECF08032E511B421089007A974E6F080BC
:1019C00025E511B422089007A974E8F08018E51104
:1019D000B423089007A974EAF0800BE511B424063B
:1019E0009007A974DAF078697630227869E6643075
:1019F0006003022DBCE511B420047FEC8022E511C8
:101A0000B421047FE68019E511B422047FE8801038
:101A1000E511B423047FEA8007E511B424057FDAD9
:101A200012BEBFE49008E9F09008E9E0FEC39455C7
:101A300050619007A9E0FFEE75F003A4FD74F62E47
:101A4000F582E43404F583E0FB12BDC09007A9E001
:101A5000FF9008E9E0FE75F003A404FD748B2EF5F9
:101A600082E43405F583E0FB12BDC09007A9E0FFD6
:101A70009008E9E0FE75F003A42402FD74202EF521
:101A800082E43406F583E0FB12BDC09008E9E0046F
:101A9000F080959007A9E0FF90054BE0FB7DFF12D9
:101AA000BDC09007A9E004FF9005E0E0FBE4FD1253
:101AB000BDC09007A9E004FF900675E0FB7D011210
:101AC000BDC09008E97456F09007A9E004FF9008A3
:101AD000E9E0FE75F003A4FD74F62EF582E434040B
:101AE000F583E0FB12BDC09007A9E004FF9008E970
:101AF000E0FE75F003A404FD748B2EF582E434053A
:101B0000F583E0FB12BDC09007A9E004FF9008E94F
:101B1000E0FE75F003A42402FD74202EF582E43467
:101B200006F583E0FB12BDC09008E9E004F0E0C3D5
:101B3000948A4094C2177869A61122201703021FC5
:101B40006D200003021CE89008E4E0B40507782B40
:101B5000E6640A600E9008E4E0FFB40109782BE621
:101B6000B41103C21B22EF75F017A4782B2690083E
:101B7000E9F0E0FF24F6F582E43404F583E0FE703A
:101B800020748B2FF582E43405F583E07013900800
:101B9000E9E02420F582E43406F583E07003021DB9
:101BA0004CEEF470239008E9E0FF248BF582E434D6
:101BB00005F583E0B4FF1174202FF582E43406F5B7
:101BC00083E0B4FF03021D819008E9E0FF24F6F5ED
:101BD00082E43404F583E07021748B2FF582E434C1
:101BE00005F583E070149008E9E02420F582E434E0
:101BF00006F583E0B4FF03021DC19008E9E0FF246D
:101C0000F6F582E43404F583E0FE7021748B2FF541
:101C100082E43405F583E0B4FF139008E9E0242062
:101C2000F582E43406F583E07003021E02EEF470E0
:101C3000219008E9E0FF248BF582E43405F583E088
:101C4000701074202FF582E43406F583E0700302EF
:101C50001E429008E9E0FF24F6F582E43404F5839F
:101C6000E07022748B2FF582E43405F583E0B4FF35
:101C7000149008E9E02420F582E43406F583E0B40A
:101C8000FF03021E839008E9E0FF24F6F582E434A6
:101C900004F583E0FEF47021748B2FF582E43405A3
:101CA000F583E070149008E9E02420F582E434061E
:101CB000F583E0B4FF03021ED2EEF46003021F3F7F
:101CC0009008E9E0FF248BF582E43405F583E0B465
:101CD000FF1374202FF582E43406F583E0600302DD
:101CE0001F3F021F21021F3F301B03022DB6900829
:101CF000E4E0B40507782BE6640A60159008E4E098
:101D000064016003022DB6782BE664116003022D96
:101D1000B69008E4E075F017A4782B269008E9F057
:101D2000E0FF24F6F582E43404F583E0FE702E74BF
:101D30008B2FF582E43405F583E070219008E9E00B
:101D40002420F582E43406F583E070119008E9E080
:101D500024F6F582E43404F583E4021E92EEF47076
:101D6000319008E9E0FF248BF582E43405F583E047
:101D7000B4FF1F74202FF582E43406F583E0B4FF2E
:101D8000119008E9E024F6F582E43404F583E402D6
:101D90001E119008E9E0FF24F6F582E43404F5838F
:101DA000E0702F748B2FF582E43405F583E0702208
:101DB0009008E9E02420F582E43406F583E0B4FFDE
:101DC000119008E9E024F6F582E43404F583E40296
:101DD0001EE19008E9E0FF24F6F582E43404F5837F
:101DE000E0FE703C748B2FF582E43405F583E0B49B
:101DF000FF2E9008E9E02420F582E43406F583E024
:101E0000701E9008E9E024F6F582E43404F583744A
:101E1000FFF0748B2FF582E43405F583E4021EEEA7
:101E2000EEF4702F9008E9E0FF248BF582E434058E
:101E3000F583E0701E74202FF582E43406F583E00C
:101E400070119008E9E024F6F582E43404F583E4A7
:101E5000021F309008E9E0FF24F6F582E43404F52F
:101E600083E0703D748B2FF582E43405F583E0B494
:101E7000FF2F9008E9E02420F582E43406F583E0A2
:101E8000B4FF1E9008E9E024F6F582E43404F583FB
:101E900074FFF0748B2FF582E43405F583E4021FA0
:101EA0005C9008E9E0FF24F6F582E43404F583E071
:101EB000FEF4704A748B2FF582E43405F583E070EC
:101EC0003D9008E9E02420F582E43406F583E0B48F
:101ED000FF2C9008E9E024F6F582E43404F58374DD
:101EE000FFF0748B2FF582E43405F58374FFF074F2
:101EF000202FF582E43406F583E4F0022DB6EEF4EB
:101F0000703D9008E9E0FF248BF582E43405F58309
:101F1000E0B4FF2B74202FF582E43406F583E070E3
:101F20001E9008E9E024F6F582E43404F58374FF9A
:101F3000F0748B2FF582E43405F58374FF801D90D7
:101F400008E9E0FF24F6F582E43404F58374FFF039
:101F5000748B2FF582E43405F58374FFF074202F21
:101F6000F582E43406F58374FFF0022DB69008E4A0
:101F7000E0FF7026782BE6FD640F701E30101B30DA
:101F80000002B21A12943F7869E664086003022DD9
:101F9000BC200003022DBC02262E301A03022DBCE9
:101FA0009008E4E0FF7026782BE6FD6410701E3088
:101FB000101B300002B21112943F7869E664086089
:101FC00003022DBC200003022DBC02262E9008E443
:101FD000E0FF7026782BE6FD6411701E30101B3078
:101FE0000002B22E12943F7869E664086003022D65
:101FF000BC200003022DBC02262E9008E4E0640100
:102000007020782BE6B4101A301017200003022D30
:10201000BC786906E6D394134002E4F612BBDDD225
:1020200013229008E4E0FF64027026782BE6FD643A
:1020300003701E30101B300002B21612943F7869F4
:10204000E664086003022DBC200003022DBC0226BA
:102050002E9008E4E064027041782BE66410703A38
:10206000301037300015785C06E6C394084002E46F
:10207000F6785CE6FF129DEB12BACA9008E4E0FF26
:10208000782BE6FD12943F7869E664086003022D20
:10209000BC200003022DBC02262E9008E4E0B4010F
:1020A00013782BE6B4020D30100A300007786976F9
:1020B00020D213229008E4E0FFB40113782BE6B499
:1020C000030D30100A30000778697621D21322EF11
:1020D000B40113782BE6B4040D30100A30000778F1
:1020E000697622D213229008E4E0B40113782BE63B
:1020F000B4050D30100A30000778697623D2132218
:102100009008E4E0FFB40113782BE6B4060D30101C
:102110000A30000778697624D21322EF6404703DF8
:10212000782BE664117036301033300011781E06BB
:10213000E6D394044002760412BACA12AC41900865
:10214000E4E0FF782BE6FD12943F7869E6640860CE
:1021500003022DBC200003022DBC02262E9008E4B1
:10216000E06405703B782BE6641170343010313038
:10217000000F781EE6D3940040011612BACA12ACC2
:10218000419008E4E0FF782BE6FD12943F7869E681
:1021900064086003022DBC200003022DBC02262E21
:1021A0009008E4E064057051782BE66412704A30C0
:1021B00010477869E6FFC39413501FEF6410601A4C
:1021C000300017781BE6940040011612BACA781B3B
:1021D000E67007D22A751709D2269008E4E0FF7846
:1021E0002BE6FD12943F7869E664086003022DBC7B
:1021F000200003022DBC02262E9008E4E064057046
:1022000054782BE66410704D30104A7869E6FFC3AD
:1022100094135022EF6410601D30001A781B06E6FC
:1022200094044002760412BACA781BE6B40407D2BA
:102230002A751709D2269008E4E0FF782BE6FD12F4
:10224000943F7869E664086003022DBC2000030215
:102250002DBC02262E9008E4E0FF640560030223F3
:1022600035782BE6640B600302233520100302232C
:1022700035200003022DBC781F06E6D394084002E7
:10228000E4F6781FE6FE701190FF9274B0F0A3742C
:1022900010F0A3F0D2FF022330EEB4011090FF92B1
:1022A00074B0F0A37410F0A3F0C2FF8026EEB40265
:1022B0001090FF9274B0F0A37410F0A3F0C2FF80EE
:1022C00029EEB4031390FF9274B0F0A37410F0A33E
:1022D000F0D2FFD2FEC2FD22EEB4041390FF92743E
:1022E000B0F0A37410F0A3F0D2FFC2FED2FD22EE34
:1022F000B4051090FF9274B0F0A37410F0A3F0C274
:10230000FF8012EEB4061390FF9274B0F0A3741025
:10231000F0A3F0D2FFD2FED2FD22EE6408600302E9
:102320002DBC90FF9274B0F0A37410F0A3F0C2FF24
:10233000C2FEC2FD22EF701B782BE6B401153010EF
:1023400012E4781C300006F608F6D21922F608F6D8
:10235000C219229008E4E0FF7045782BE6FD640383
:10236000703D30102D30000B9007CB7494F0A374A7
:10237000018006E49007CBF0A3F0D20312943F78DB
:1023800069E664086003022DBC200003022DBC0234
:10239000262E20000A9007CBE0B494030226739007
:1023A00008E4E0FF7045782BE6FD6404703D3010D2
:1023B0002D30000B9007CB7421F0A374028006E44B
:1023C0009007CBF0A3F0D20312943F7869E664083B
:1023D0006003022DBC200003022DBC02262E20002B
:1023E0000A9007CBE0B421030226739008E4E0FFD3
:1023F0007045782BE6FD6405703D30102D30000BE4
:102400009007CB7492F0A374018006E49007CBF0A0
:10241000A3F0D20312943F7869E664086003022DAA
:10242000BC200003022DBC02262E20000A9007CB00
:10243000E0B492030226739008E4E0FF7045782B25
:10244000E6FD6406703D30102D30000B9007CB7414
:1024500083F0A374018006E49007CBF0A3F0D203CD
:1024600012943F7869E664086003022DBC200003E3
:10247000022DBC02262E20000A9007CBE0B4830375
:102480000226739008E4E0FF7043782BE6FD6407B2
:10249000703B30102B3000099007CB74B6F0E4800D
:1024A00005E49007CBF0A3F0D20312943F7869E6DD
:1024B00064086003022DBC200003022DBC02262EFE
:1024C00020000A9007CBE0B4B6030226739008E41C
:1024D000E0FF7043782BE6FD6408703B30102B3032
:1024E00000099007CB74B5F0E48005E49007CBF0C9
:1024F000A3F0D20312943F7869E664086003022DCA
:10250000BC200003022DBC02262E20000A9007CB1F
:10251000E0B4B5030226739008E4E0FF7043782B23
:10252000E6FD6409703B30102B3000099007CB7436
:10253000CDF0E48005E49007CBF0A3F0D203129431
:102540003F7869E664086003022DBC200003022D79
:10255000BC02262E20000A9007CBE0B4CD03022651
:10256000739008E4E0FF7043782BE6FD640A703B4B
:1025700030102B3000099007CB74B7F0E48005E4ED
:102580009007CBF0A3F0D20312943F7869E6640879
:102590006003022DBC200003022DBC02262E200069
:1025A0000A9007CBE0B4B7030226739008E4E0FF7B
:1025B0007042782BE6FD640B703A30102A30000927
:1025C0009007CB74E2F0E48005E49007CBF0A3F031
:1025D000D20312943F7869E664086003022DBC20A0
:1025E0000003022DBC804720000A9007CBE0B4E234
:1025F000030226739008E4E0FF704B782BE6FD643D
:102600000C70433010343000099007CB74EAF0E4CA
:102610008005E49007CBF0A3F0D20312943F7869D1
:10262000E664086003022DBC200003022DBC900864
:10263000E4E0FF782BE6FD02AEDE2000099007CB38
:10264000E0B4EA02802D9008E4E0702E782BE66476
:102650000D70273010133000099007CB74E9F0E4B7
:102660008013E49007CBF0800C20000E9007CBE0A5
:10267000B4E907E4F0A3F0D203229008E4E0FC758B
:10268000F017A4FE782BE6FD2E9007A8F020160385
:102690000227BAECB4020CEDB403089007C57452DB
:1026A00002272D9008E4E0B4030D782BE6B402076E
:1026B0009007C5745080769008E4E0B4030D782B41
:1026C000E6B403079007C5745180629008E4E0B453
:1026D000030D782BE6B404079007C5744F804E9025
:1026E00008E4E0B4040D782BE6B411079007C57434
:1026F0001A803A9008E4E0B4050D782BE6B4100790
:102700009007C5740480269008E4E0B4050D782B8A
:10271000E6B411079007C5741680129008E4E0B47F
:10272000050F782BE6B412099007C57407F0022D47
:10273000589008E4E0F975F017A4FF782BE67C00C8
:102740002FFFEC35F0FEEF7802C333CE33CED8F94D
:10275000FBAA062400F58274E03AF5831281779093
:1027600007C5EFF074002BF58274E03AF58312810F
:10277000777808128145E49007C6EFF0E975F01705
:10278000A4FF782BE67C002FFFEC35F0FEEF7802FB
:10279000C333CE33CED8F9FBAA062400F58274E009
:1027A0003AF58312817778101281459007C7EFF0D0
:1027B00074002BF58274E0022B459008E4E0640479
:1027C0006003022853782BE664026003022853E07A
:1027D000F975F017A4FFE67C002FFFEC35F0FEEF53
:1027E0007802C333CE33CED8F9FBAA062457F5823C
:1027F00074643AF5831281779007C5EFF074572B14
:10280000F58274643AF5831281777808128145E481
:102810009007C6EFF0E975F017A4FF782BE67C006F
:102820002FFFEC35F0FEEF7802C333CE33CED8F96C
:10283000FBAA062457F58274643AF58312817778EF
:10284000101281459007C7EFF074572BF58274641E
:10285000022B459008E4E0640360030228EC782B27
:10286000E6640D60030228ECE0F975F017A4FFE6BA
:102870007C002FFFEC35F0FEEF7802C333CE33CE71
:10288000D8F9FBAA062457F58274643AF5831281BD
:10289000779007C5EFF074572BF58274643AF5838F
:1028A0001281777808128145E49007C6EFF0E97548
:1028B000F017A4FF782BE67C002FFFEC35F0FEEF3D
:1028C0007802C333CE33CED8F9FBAA062457F5825B
:1028D00074643AF58312817778101281459007C7A6
:1028E000EFF074572BF5827464022B459008E4E0F6
:1028F0006003022983782BE664136003022983E0D6
:10290000F975F017A4FFE67C002FFFEC35F0FEEF21
:102910007802C333CE33CED8F9FBAA062457F5820A
:1029200074643AF5831281779007C5EFF074572BE2
:10293000F58274643AF5831281777808128145E450
:102940009007C6EFF0E975F017A4FF782BE67C003E
:102950002FFFEC35F0FEEF7802C333CE33CED8F93B
:10296000FBAA062457F58274643AF58312817778BE
:10297000101281459007C7EFF074572BF5827464ED
:10298000022B459008E4E06003022A1A782BE664E3
:10299000146003022A1AE0F975F017A4FFE67C0020
:1029A0002FFFEC35F0FEEF7802C333CE33CED8F9EB
:1029B000FBAA062457F58274643AF5831281779056
:1029C00007C5EFF074572BF58274643AF5831281D2
:1029D000777808128145E49007C6EFF0E975F017A3
:1029E000A4FF782BE67C002FFFEC35F0FEEF780299
:1029F000C333CE33CED8F9FBAA062457F5827464CC
:102A00003AF58312817778101281459007C7EFF06D
:102A100074572BF5827464022B459008E4E0600340
:102A2000022AB1782BE664156003022AB1E0F97539
:102A3000F017A4FFE67C002FFFEC35F0FEEF7802E4
:102A4000C333CE33CED8F9FBAA062457F58274647B
:102A50003AF5831281779007C5EFF074572BF58212
:102A600074643AF5831281777808128145E49007FF
:102A7000C6EFF0E975F017A4FF782BE67C002FFF76
:102A8000EC35F0FEEF7802C333CE33CED8F9FBAA93
:102A9000062457F58274643AF58312817778101210
:102AA00081459007C7EFF074572BF5827464022BB1
:102AB000459008E4E06003022B59782BE664166029
:102AC00003022B59E0F975F017A4FFE67C002FFFF5
:102AD000EC35F0FEEF7802C333CE33CED8F9FBAA43
:102AE000062457F58274643AF5831281779007C5FE
:102AF000EFF074572BF58274643AF583128177787E
:102B000008128145E49007C6EFF0E975F017A4FFBD
:102B1000782BE67C002FFFEC35F0FEEF7802C33314
:102B2000CE33CED8F9FBAA062457F58274643AF561
:102B30008312817778101281459007C7EFF07457A0
:102B40002BF58274643AF5831281777818128145E7
:102B5000E49007C8EFF0022D929008E4E0F975F0D8
:102B600017A4FF782BE67C002FFFEC35F0FEEF7802
:102B700002C333CE33CED8F9FBAA062400F5827403
:102B8000E03AF5831281779007C5EFF074002BF5DA
:102B90008274E03AF5831281777808128145E490D7
:102BA00007C6EFF0E975F017A4FF782BE6F97C0073
:102BB0002FFFEC35F0FEEF7802C333CE33CED8F9D9
:102BC000FBAA062400F58274E03AF5831281777837
:102BD000101281459007C7EFF074002BF58274E066
:102BE0003AF58312817778181281459007C8EFF083
:102BF0009007C5E064CD6003022D5D200003022D27
:102C0000429008E4E0F5138912E4F50FE51375F03E
:102C100017A47C002512FFEFFEE42404FFE43EFE2F
:102C2000E4FD12B99E8F10E5107003022D95F4702B
:102C300003022D95D2127F147E0012BD5AE5137542
:102C4000F017A47C002512FFEC35F0EF7F00FEE4C6
:102C5000FD12B99E9007C2EFF07F147E0012BD5A9C
:102C6000E51375F017A47C002512FFEFFEE42401A4
:102C7000FFE43EFEE4FD12B99E9007C3EFF07F141F
:102C80007E0012BD5AE51375F017A47C002512FFD3
:102C9000EFFEE42402FFE43EFEE4FD12B99E90073D
:102CA000C4EFF07F147E0012BD5AE51375F017A42F
:102CB0007C002512FFEFFEE42403FFE43EFEE4FD6A
:102CC00012B99E9007C9EFF0E4F508F5099007C323
:102CD000E0750800F5099007C2E0FEEE4208E5093C
:102CE000B4FF09E508B4FF04D2158002C215E50956
:102CF0004508700AD21874FFF508F5098002C21859
:102D0000E4F50AF50B9007C9E0750A00F50B90078A
:102D1000C4E0547FFEEE420AE49008E9F09008E92E
:102D2000E0FFC394104003022DBC900936E0FCA3E1
:102D3000E02FF582E43CF583E4F09008E9E004F04C
:102D400080DB301550C215E4F508F509C212900772
:102D5000C5E510F0D202C200125B3280383018256F
:102D6000C218E49008E9F09008E9E0FFC39410501D
:102D70001474062FF582E43407F583E4F09008E933
:102D8000E004F080E230120AE4F508F509C212020C
:102D9000B59E12928B9008E4E0FF782BE6FD12942A
:102DA0003F7869E6B4080F30000C9008E4E0FF7843
:102DB0002BE6FD12AEDE782B06021890223013624D
:102DC000E4F5B1C21312BBDDE49008F0F09008F016
:102DD000E0FFC3948A502C74F62FF582E43404F596
:102DE00083E4F0748B2FF582E43405F583E4F0740A
:102DF000202FF582E43406F583E4F09008F0E00437
:102E0000F080CA7869E6FFC394205004EFB413053C
:102E100012A0BF8003129D55785CE6FF129DEB0265
:102E2000BACA7862E6FFC39417400302303175CD09
:102E3000FE75CC6F75CBFE75CA6FD282301C030253
:102E40003B55302B03022F827869E6B40D03022E26
:102E5000D47869E6B40A127862E670037857067887
:102E600062E6FF12AA1502300A7869E6B4020A780F
:102E700062E6FF12A92D02300A7869E6B4050D78E2
:102E800062E6FF12C04412AAF702300A7869E670BF
:102E90000A7862E6FF1285B902300A7869E6B4085A
:102EA0000A7862E6FF128D4D02300A7869E6B410A6
:102EB0000A7862E6FF1298C502300A7869E6B40F14
:102EC0000A7862E6FF128B4502300A7869E6B4019F
:102ED0000F30110612BBDD02300A124B3C02300AE1
:102EE0007869E6B40E0A7862E6FF12A59D02300A00
:102EF0007869E6B409127862E6700378570678625A
:102F0000E6FF12A14C02300A7869E6B40612786234
:102F1000E670037857067862E6FF127A3F02300ABD
:102F20007869E6B412127862E67003785706786220
:102F3000E6FF129FA302300A7869E6B404127862B1
:102F4000E670037857067862E6FF129C2402300A86
:102F50007869E6B403127862E670037857067862FF
:102F6000E6FF12A03102300A7869E6B4070A7862F7
:102F7000E6FF1295DA02300A7869E6B40C0A786244
:102F8000E6FF127F0A02300A7869E6B40B0978621C
:102F9000E6FF12753780737869E6B411117862E63E
:102FA00070037857067862E6FF12A7AF805C7869F5
:102FB000E66440705512BBDDE49008F0F09008F034
:102FC000E0FFC3948A504374202FF582E43406F561
:102FD00083E09008F06006E01288058025E0FF2479
:102FE00020F582E43406F583E4F0748B2FF582E457
:102FF0003405F583E4F074F62FF582E43404F583A8
:10300000E4F09008F0E004F080B3781EE67003026C
:103010003B4A301103023B4AB4040C90FF957418EC
:10302000F090FFB57401F07862E6FF12688E023B03
:103030004A7862E664177031D28278570612BBDD97
:1030400053A0C05398C05390C075CDEE75CCCF75CA
:10305000CBEE75CACF12BBDD53A0C05398C05390BE
:10306000C0D208129699023B4A7862E6641860035F
:1030700002323D75CDFE75CC6F75CBFE75CA6F788B
:103080001FE6640760030231C3786706E6C394FE57
:103090004011E4F6B22830280A1806E6D394064018
:1030A00002E4F63028077867E608F68009C374FF63
:1030B0007867967968F77866E6FF701E90FF9474DB
:1030C00018F07868E690FFB4F090FF9274B0F0A327
:1030D0007410F0C2FEC2FD0231C3EFB4012090FFB4
:1030E000937418F07868E690FFB3F090FF9274B094
:1030F000F090FF947410F0C2FFC2FD0231C37866F5
:10310000E6FFB4021C90FF9274B8F07868E690FF76
:10311000B2F090FF937410F0A3F0C2FFC2FE023130
:10312000C3EFB4032390FF947418F07868E6FF901F
:10313000FFB4F090FF937418F090FFB3EFF090FF9E
:103140009274B0F0C2FD807B7866E6FFB4042390F1
:10315000FF947418F07868E6FE90FFB4F090FF9248
:1031600074B8F090FFB2EEF090FF937410F0C2FECE
:103170008051EFB4052390FF9274B8F07868E6FFB1
:1031800090FFB2F090FF937418F090FFB3EFF090BF
:10319000FF947410F0C2FF802A7866E6B40624908B
:1031A000FF9274B8F07868E6FF90FFB2F090FF935A
:1031B0007418F090FFB3EFF090FF947418F090FF44
:1031C000B4EFF012BBDDC282301712786306E6D38B
:1031D00094324004E4F6B226302625801D302A269B
:1031E000786306E6D3940F400EE4F6E51760041505
:1031F000178002C22AB22630260653A0E0023B4ABC
:1032000043A01F023B4AE51630E004D2A08002C270
:10321000A0E51630E104D2A18002C2A1E51630E299
:1032200004D2A28002C2A2302F04D2A38002C2A381
:10323000302E05D2A4023B4AC2A4023B4A7862E681
:10324000B4191DD28275CDFE75CC6F75CBFE75CAD3
:103250006F12BBDD53A0C05398C05390C0023B4ACD
:103260007862E6641A6003023B4A75CDFE75CC6F46
:1032700075CBFE75CA6FD282302B03023B4A786948
:10328000E6640D6003023B33785CE6FF7002802F3A
:10329000EFB401028033EFB40202803BEFB40302CB
:1032A0008042EFB40402804AEFB405028057EFB4C5
:1032B00006028062EF640770677861E6FF7006902F
:1032C00008F1F08034EFB4010AE49008F1F0A3743F
:1032D000FF8039EFB402099008F174FFF0E4803CFC
:1032E000EFB4030AE49008F1F0A374FF802FEFB469
:1032F000040F9008F174FFF0E4A3F0A374FFF080D2
:103300001FEFB4050D9008F174FFF0A3F0E4A3F0F3
:10331000800EEFB4060A9008F174FFF0A3F0A3F05A
:10332000785A06781BE62401FFE433FE785AE6D388
:103330009FEE6480F87480985003023B4AE4785A08
:10334000F67865E6940B400302353B9008F1E0FF08
:10335000E6FE24F6F582E43404F583EFF09008F2FB
:10336000E0FD748B2EF582E43405F583EDF09008D2
:10337000F3E0FC74202EF582E43406F583ECF0745F
:103380000D2EF582E43405F583E4F074A22EF58267
:10339000E43405F583E4F074372EF582E43406F561
:1033A00083E4F074242EF582E43405F583EFF074A1
:1033B000B92EF582E43405F583EDF0744E2EF582D6
:1033C000E43406F583ECF0743B2EF582E43405F525
:1033D00083E4F074D02EF582E43405F583E4F074D0
:1033E000652EF582E43406F583E4F09008F1E0FC04
:1033F00074522EF582E43405F583ECF09008F2E087
:10340000FD74E72EF582E43405F583EDF09008F3C2
:10341000E0F9747C2EF582E43406F583E9F07469F2
:103420002EF582E43405F583E4F074FE2EF582E493
:103430003405F583E4F074932EF582E43406F583C5
:10344000E4F0EEFB7A00C374169BFFE49AFE74F678
:103450002FF58274043EF583E4F0748B2FF58274AB
:10346000053EF583E4F074202FF58274063EF58363
:10347000E4F0C374169BFFE49AFE740D2FF582747A
:10348000053EF583ECF074A22FF58274053EF583BA
:10349000EDF074372FF58274063EF583E9F074245D
:1034A0002FF58274053EF583E4F074B92FF582742C
:1034B000053EF583E4F0744E2FF58274063EF583E5
:1034C000E4F09008F1E0FD743B2FF58274053EF5C1
:1034D00083EDF09008F2E0FC74D02FF58274053E85
:1034E000F583ECF074652FF58274063EF583E9F000
:1034F00074522FF58274053EF583E4F074E72FF5DE
:103500008274053EF583E4F0747C2FF58274063EE8
:10351000F583E4F074692FF58274053EF583EDF0D0
:1035200074FE2FF58274053EF583ECF074932FF54D
:103530008274063EF583E9F0023B147865E6F9C330
:10354000941740030237609008F1E0FFE6FE24F68E
:10355000F582E43404F583EFF09008F2E0FD748B1B
:103560002EF582E43405F583EDF09008F3E0FC7469
:10357000202EF582E43406F583ECF0740D2EF582EE
:10358000E43405F583EFF074A22EF582E43405F5FA
:1035900083EDF074372EF582E43406F583ECF09079
:1035A00008F1E0FF74242EF582E43405F583EFF092
:1035B0009008F2E0FD74B92EF582E43405F583ED50
:1035C000F09008F3E0FC744E2EF582E43406F583A7
:1035D000ECF0743B2EF582E43405F583EFF074D003
:1035E0002EF582E43405F583EDF074652EF582E462
:1035F0003406F583ECF09008F1E0FF74522EF5826A
:10360000E43405F583EFF09008F2E0FD74E72EF561
:1036100082E43405F583EDF09008F3E0FC747C2E31
:10362000F582E43406F583ECF074692EF582E43417
:1036300005F583EFF074FE2EF582E43405F583ED95
:10364000F074932EF582E43406F583ECF09008F1E3
:10365000E0FFEEFDC374169DFDE49400FC74F62DAE
:10366000F58274043CF583EFF09008F2E0FE748B71
:103670002DF58274053CF583EEF09008F3E0FB74C1
:10368000202DF58274063CF583EBF0740D2DF58248
:1036900074053CF583EFF074A22DF58274053CF5BA
:1036A00083EEF074372DF58274063CF583EBF090D1
:1036B00008F1E0FF74242DF58274053CF583EFF0EA
:1036C0009008F2E0FE74B92DF58274053CF583EEA6
:1036D000F09008F3E0FB744E2DF58274063CF58300
:1036E000EBF0743B2DF58274053CF583EFF074D05C
:1036F0002DF58274053CF583EEF074652DF582742A
:10370000063CF583EBF09008F1E0FF74522DF58252
:1037100074053CF583EFF09008F2E0FE74E72DF5B8
:103720008274053CF583EEF09008F3E0FB747C2D89
:10373000F58274063CF583EBF074692DF58274050F
:103740003CF583EFF074FE2DF58274053CF583EEB5
:10375000F074932DF58274063CF583EBF0023B1474
:10376000E9C39422400302394F7865E6FF24DFF570
:1037700082E43404F583E4F074742FF582E43405B4
:10378000F583E4F074092FF582E43406F583E4F060
:103790009008F1E0FFE6FE24F6F582E43404F583B8
:1037A000EFF09008F2E0FD748B2EF582E43405F51D
:1037B00083EDF09008F3E0FC74202EF582E43406EB
:1037C000F583ECF0740D2EF582E43405F583E4F016
:1037D00074A22EF582E43405F583E4F074372EF5F7
:1037E00082E43406F583E4F074242EF582E4340593
:1037F000F583EFF074B92EF582E43405F583EDF02E
:10380000744E2EF582E43406F583ECF0743B2EF50D
:1038100082E43405F583E4F074D02EF582E43405B7
:10382000F583E4F074652EF582E43406F583E4F064
:103830009008F1E0FF74522EF582E43405F583EF31
:10384000F09008F2E0FD74E72EF582E43405F5838C
:10385000EDF09008F3E0F9747C2EF582E43406F57F
:1038600083E9F0EEFBC3742D9BFBE49400FA74F63D
:103870002BF58274043AF583EFF0748B2BF5827488
:10388000053AF583EDF074202BF58274063AF58342
:10389000E9F0740D2BF58274053AF583E4F074A217
:1038A0002BF58274053AF583E4F074372BF58274B6
:1038B000063AF583E4F09008F1E0FF74242BF582DA
:1038C00074053AF583EFF09008F2E0FE74B92BF539
:1038D0008274053AF583EEF0744E2BF58274063A45
:1038E000F583E9F0743B2BF58274053AF583E4F037
:1038F00074D02BF58274053AF583E4F074652BF5EA
:103900008274063AF583E4F074522BF58274053A1A
:10391000F583EFF074E72BF58274053AF583EEF04A
:10392000747C2BF58274063AF583E9F074692BF503
:103930008274053AF583E4F074FE2BF58274053A3F
:10394000F583E4F074932BF58274063A023B107809
:1039500065E6C3942E4003023B14E6FF24DFF582A4
:10396000E43404F583E4F074742FF582E43405F54F
:1039700083E4F074092FF582E43406F583E4F074EF
:10398000F62FF582E43404F583E4F0748B2FF5828E
:10399000E43405F583E4F074202FF582E43406F571
:1039A00083E4F0740D2FF582E43405F583E4F074BC
:1039B000A22FF582E43405F583E4F074372FF58205
:1039C000E43406F583E4F074242FF582E43405F53D
:1039D00083E4F074B92FF582E43405F583E4F074E0
:1039E0004E2FF582E43406F583E4F0743B2FF58224
:1039F000E43405F583E4F074D02FF582E43405F562
:103A000083E4F074652FF582E43406F583E4F07402
:103A1000522FF582E43405F583E4F074E72FF58244
:103A2000E43405F583E4F0747C2FF582E43406F584
:103A300083E4F0C3742D9FFFE49400FE74F62FF529
:103A40008274043EF583E4F0748B2FF58274053E96
:103A5000F583E4F074202FF58274063EF583E4F0DC
:103A6000740D2FF58274053EF583E4F074A22FF5F2
:103A70008274053EF583E4F074372FF58274063EB8
:103A8000F583E4F074242FF58274053EF583E4F0A9
:103A900074B92FF58274053EF583E4F0744E2FF56A
:103AA0008274063EF583E4F0743B2FF58274053E84
:103AB000F583E4F074D02FF58274053EF583E4F0CD
:103AC00074652FF58274063EF583E4F074522FF589
:103AD0008274053EF583E4F074E72FF58274053EA9
:103AE000F583E4F0747C2FF58274063EF583E4F0F0
:103AF00074692FF58274053EF583E4F074FE2FF5AA
:103B00008274053EF583E4F074932FF58274063ECB
:103B1000F583E4F0786506E6D3942D402DE4F6783D
:103B20005CE664077024786106E6D39406401BE4E3
:103B3000F680177869E6B40A0812BBDD12BFA480CC
:103B4000097869E6B4020312AE2A786206E6C394E5
:103B50001B4002E4F622900935E0FF6404701EF079
:103B6000A37411F0A3E4F0900936E0FCA3E0F58221
:103B70008C83E0F516D22343C8040244BBEFB4069D
:103B800008E4900935F00244BB900935E0640970FF
:103B900028F0A37411F0A3E4F0900936E0FEA3E04E
:103BA000FFF5828E83E0640560030244C1A3E02434
:103BB0008B60030244C102C1A9900935E0640A6028
:103BC00003023F9BF0A37411F0A3E4F0900917F0F7
:103BD000900936E0FEA3E0F5828E83A3E0FFB48077
:103BE000099009177401F0023F98EF640360030223
:103BF0003CE49009177403F0900936E0FEA3E0FF5F
:103C0000F5828E83A3A3E0786DF676018F828E8392
:103C1000A3A3A3E0900927F0740164016003023FAD
:103C200098E064016003023F987FE012BEBF7FE22C
:103C300012BEBFE4900903F0A3F0900903E0FEA3D5
:103C4000E0FFFDE42FF58274DC3EF583E493FB7F17
:103C5000E012BDC0900904E004F07006900903E092
:103C600004F0C3900903E0940140CFE4900903F00D
:103C7000A3F0900903E0FEA3E0FFFDE42FF58274BA
:103C8000DD3EF583E493FB7FE112BDC0900904E0C3
:103C900004F07006900903E004F0C3900903E09477
:103CA0000140CFE4900903F0A3F0900903E0FEA3E4
:103CB000E0FFFDE42FF58274DE3EF583E493FB7FA5
:103CC000E212BDC0900904E004F07006900903E020
:103CD00004F0C3900904E09428900903E0940040A4
:103CE000C9023F98900936E0FEA3E0F5828E83A3D7
:103CF000E064047031D22412BBDD9009177404F023
:103D0000900936E0FEA3E0F5828E83A3A3E090093C
:103D100016F064016003023F987FE012BEBF7FE2AD
:103D200012BEBF023F98900936E0FEA3E0FFF58285
:103D30008E83A3E0640570599009177405F08F8293
:103D40008E83A3A3E0900916F08F828E83A3A3A392
:103D5000E0900938F0900936A3E02404F582E43EAF
:103D6000F583E0FF90092CF0BF010DE4F514F51583
:103D7000D22253A8FE12BBDD900938E024FFFFE4F5
:103D800034FFEF7F00FE3395E0FDFC12BF79023F68
:103D900098900936E0FEA3E0F5828E83A3E0640AE2
:103DA0006003023E2EC224900936A3E0FFF5828E06
:103DB00083A3A3E07869F68F828E83A3A3A3E07820
:103DC0001EF6900936E0FEA3E0FF2405F582E43EEE
:103DD000F583E0785CF6EF2404F582E43EF583E0B9
:103DE000FF7006781B76048026EFB40106781B76F8
:103DF00003801CEFB40206781B76028012EFB40336
:103E000006781B76018008EFB40404E4781BF612F0
:103E1000AC417869E6B4131112BBDDE47862F67F39
:103E2000D812BEBFD21CE4F5B1D213023F9890095C
:103E300036E0FEA3E0F5828E83A3E0640C6003020B
:103E40003F8612BBDDE47862F6F5B1900936E0FEFC
:103E5000A3E0FFF5828E83A3A3A3E0900927F0C31C
:103E600094555054E075F003A42402FDEF2404F5AA
:103E700082E43EF583E0FB7FD812BDC0900927E0C5
:103E800075F003A404FD900936E0FEA3E02405F5D7
:103E900082E43EF583E0FB7FD812BDC0900927E0A5
:103EA00075F003A4FD900936E0FEA3E02406F58238
:103EB000E43EF583E0FB804B900927E06455704AAF
:103EC000900936E0FEA3E02404F582E43EF583E0A9
:103ED000FB7D017FD912BDC0900936E0FEA3E0242E
:103EE00005F582E43EF583E0FBE4FD7FD912BDC019
:103EF000900936E0FEA3E02406F582E43EF583E077
:103F0000FB7DFF7FD812BDC08071900927E0FFC301
:103F1000948A5067EF75F003A42402FD900936E0FF
:103F2000FEA3E02404F582E43EF583E0FB7FD91292
:103F3000BDC0900927E024AB75F003A4FD900936BD
:103F4000E0FEA3E02405F582E43EF583E0FB7FD9A3
:103F500012BDC0900927E075F003A4FD900936E07A
:103F6000FEA3E02406F582E43EF583E0FB7FD91250
:103F7000BDC0900927E0B48902D213900927E0B4AC
:103F80008916C21C8012900936E0FEA3E0F5828EED
:103F900083A3E0B40F02D2250244BB900935E0644C
:103FA0000B6003024327F0A37411F0A3E4F090091F
:103FB00036E0FEA3E0FFF5828E83A3E0900927F0B0
:103FC000900916E064016003024324900927E0FD94
:103FD000C3940B4003024090ED75F018A424EBFD50
:103FE0008F828E83A3A3E0FB7FE012BDC0900927E0
:103FF000E075F018A424EFFD900936E0FEA3E0F58B
:10400000828E83A3A3A3E0FB7FE012BDC0900927AB
:10401000E075F018A424F3FD900936E0FEA3E02437
:1040200004F582E43EF583E0FB7FE012BDC0900919
:1040300027E075F018A424F7FD900936E0FEA3E010
:104040002405F582E43EF583E0FB7FE012BDC090DD
:104050000927E075F018A424FBFD900936E0FEA3C3
:10406000E02406F582E43EF583E0FB7FE012BDC06C
:10407000900927E075F018A414FD900936E0FEA31E
:10408000E02407F582E43EF583E0FB7FE002432174
:10409000900927E0640B6003024128900936E0FE96
:1040A000A3E0F5828E83A3A3E0FB7DF37FE012BD46
:1040B000C0900936E0FEA3E0F5828E83A3A3A3E0BF
:1040C000FB7DF77FE012BDC0900936E0FEA3E0243F
:1040D00004F582E43EF583E0FB7DFB7FE012BDC08A
:1040E000900936E0FEA3E02405F582E43EF583E086
:1040F000FB7DFF7FE012BDC0900936E0FEA3E02407
:1041000006F582E43EF583E0FB7D037FE112BDC04E
:10411000900936E0FEA3E02407F582E43EF583E053
:10412000FB7D077FE1024321900927E0FFC394163E
:1041300040030241F4EF75F018A424EBFD9009361A
:10414000E0FEA3E0F5828E83A3A3E0FB7FE112BD36
:10415000C0900927E075F018A424EFFD900936E01F
:10416000FEA3E0F5828E83A3A3A3E0FB7FE112BD53
:10417000C0900927E075F018A424F3FD900936E0FB
:10418000FEA3E02404F582E43EF583E0FB7FE11228
:10419000BDC0900927E075F018A424F7FD900936FA
:1041A000E0FEA3E02405F582E43EF583E0FB7FE139
:1041B00012BDC0900927E075F018A424FBFD9009FA
:1041C00036E0FEA3E02406F582E43EF583E0FB7FC3
:1041D000E112BDC0900927E075F018A414FD900904
:1041E00036E0FEA3E02407F582E43EF583E0FB7FA2
:1041F000E1024321900927E06416600302428C909B
:104200000936E0FEA3E0F5828E83A3A3E0FB7DFBED
:104210007FE112BDC0900936E0FEA3E0F5828E83F7
:10422000A3A3A3E0FB7DFF7FE112BDC0900936E0B0
:10423000FEA3E02404F582E43EF583E0FB7D037FEA
:10424000E212BDC0900936E0FEA3E02405F582E449
:104250003EF583E0FB7D077FE212BDC0900936E0AA
:10426000FEA3E02406F582E43EF583E0FB7D0B7FB0
:10427000E212BDC0900936E0FEA3E02407F582E417
:104280003EF583E0FB7D0F7FE2024321900927E0AA
:1042900064176003024324900936E0FEA3E0F58230
:1042A0008E83A3A3E0FB7D137FE212BDC09009368D
:1042B000E0FEA3E0F5828E83A3A3A3E0FB7D177F3E
:1042C000E212BDC0900936E0FEA3E02404F582E4CA
:1042D0003EF583E0FB7D1B7FE212BDC0900936E016
:1042E000FEA3E02405F582E43EF583E0FB7D1F7F1D
:1042F000E212BDC0900936E0FEA3E02406F582E498
:104300003EF583E0FB7D237FE212BDC0900936E0DD
:10431000FEA3E02407F582E43EF583E0FB7D277FE2
:10432000E212BDC00244BB900935E0640C60030298
:1043300044B6F0A37411F0A3E4F0900936E0FAA3B8
:10434000E0FBF5828A83A3E0900927F0E4F514F5F9
:104350001590092CE0640160030244B4900938E030
:10436000FC900927E075F006A42400FFE5F03CCF9F
:1043700024FACF34FEFEE4FCFD8B828A83A3A3E003
:1043800090090DF012B39E7FD07E0712BD5A90099E
:1043900038E0FC900927E075F006A42400FFE5F062
:1043A0003CCF24FBCF34FEFEE4FCFD900936E0FA5E
:1043B000A3E0F5828A83A3A3A3E090090DF012B3D2
:1043C0009E7FD07E0712BD5A900938E0FC900927E5
:1043D000E075F006A42400FFE5F03CCF24FCCF34C8
:1043E000FEFEE4FCFD900936E0FAA3E02404F58229
:1043F000E43AF583E090090DF012B39E7FD07E077A
:1044000012BD5A900938E0FC900927E075F006A427
:104410002400FFE5F03CCF24FDCF34FEFEE4FCFD9C
:10442000900936E0FAA3E02405F582E43AF583E04A
:1044300090090DF012B39E7FD07E0712BD5A9009ED
:1044400038E0FC900927E075F006A42400FFE5F0B1
:104450003CCF24FECF34FEFEE4FCFD900936E0FAAA
:10446000A3E02406F582E43AF583E090090DF0120A
:10447000B39E7FD07E0712BD5A900938E0FC9009A8
:1044800027E075F006A42400FFE5F03CCF24FFCF21
:1044900034FEFEE4FCFD900936E0FAA3E02407F5C3
:1044A00082E43AF583E090090DF012B39E7FD07E4E
:1044B0000712BD5A8005E4900935F0539BF04397ED
:1044C0000422E4F5B1C2AFD2B712C08B12C1C8D278
:1044D0002B12C18912A1D912A515D28412C0AAD259
:1044E0002ED283C21AC216C22F786D7601D2AFE4E3
:1044F000F5B1301F06128332125FCC202303024B2A
:1045000030201D030248EBC21D53A8FE12BBDDD2B2
:104510002EC216C22FE4781FF6C21112AFDC7FE064
:1045200012BEBF7FE212BEBF7FD812BEBF7FEC12A9
:10453000BEBF7FE612BEBF7FE812BEBF7FEA12BEDB
:10454000BF7FDA12BEBFE4F5B1786DF6781B760254
:10455000781E7604785C76077869761012BACAD22B
:104560002B12A1D912A515E49008E1F0A3F0E4F50F
:10457000B19008E1E0FEA3E0FFFDE42FF58274B204
:104580003EF583E493FB7FEC12BDC09008E2E004AB
:10459000F070069008E1E004F0C39008E1E09401B7
:1045A00040CCE49008E1F0A3F0E4F5B19008E1E03C
:1045B000FEA3E0FFFDE42FF58274B33EF583E493A0
:1045C000FB7FED12BDC09008E2E004F07006900899
:1045D000E1E004F0C39008E1E0940140CCE49008ED
:1045E000E1F0A3F0E4F5B19008E1E0FEA3E0FFFD07
:1045F000E42FF58274B43EF583E493FB7FE612BDAD
:10460000C09008E2E004F070069008E1E004F0C316
:104610009008E1E0940140CCE49008E1F0A3F0E4DC
:10462000F5B19008E1E0FEA3E0FFFDE42FF5827410
:10463000B53EF583E493FB7FE712BDC09008E2E04E
:1046400004F070069008E1E004F0C39008E1E09403
:104650000140CCE49008E1F0A3F0E4F5B19008E16A
:10466000E0FEA3E0FFFDE42FF58274B63EF583E49F
:1046700093FB7FE812BDC09008E2E004F070069062
:1046800008E1E004F0C39008E1E0940140CCE4903C
:1046900008E1F0A3F0E4F5B19008E1E0FEA3E0FF4B
:1046A000FDE42FF58274B73EF583E493FB7FE912B6
:1046B000BDC09008E2E004F070069008E1E004F06C
:1046C000C39008E1E0940140CCE49008E1F0A3F04D
:1046D000E4F5B19008E1E0FEA3E0FFFDE42FF582F0
:1046E00074B83EF583E493FB7FEA12BDC09008E204
:1046F000E004F070069008E1E004F0C39008E1E007
:10470000940140CCE49008E1F0A3F0E4F5B1900806
:10471000E1E0FEA3E0FFFDE42FF58274B93EF583EE
:10472000E493FB7FEB12BDC09008E2E004F070065A
:104730009008E1E004F0C39008E1E0940140CCE48B
:104740009008E1F0A3F0E4F5B19008E1E0FEA3E009
:10475000FFFDE42FF58274B03EF583E493FB7FDA2E
:1047600012BDC09008E2E004F070069008E1E00499
:10477000F0C39008E1E0940140CCE49008E1F0A39C
:10478000F0E4F5B19008E1E0FEA3E0FFFDE42FF5D1
:104790008274B13EF583E493FB7FDB12BDC09008C9
:1047A000E2E004F070069008E1E004F0C39008E154
:1047B000E0940140CCE49008E1F0A3F0E4F5B1907E
:1047C00008E1E0FEA3E0FFFDE42FF58274C63EF5AC
:1047D00083E493FB7FD812BDC09008E2E004F07040
:1047E000069008E1E004F0C39008E1E0940140CCB9
:1047F000E49008E1F0A3F0E4F5B19008E1E0FEA355
:10480000E0FFFDE42FF58274C73EF583E493FB7F60
:10481000D912BDC09008E2E004F070069008E1E013
:1048200004F0C39008E2E094C89008E1E0940040EE
:10483000C6E49008E1F0A3F0E4F5B19008E1E0FEF1
:10484000A3E0FFFDE42FF58274DC3EF583E493FBE7
:104850007FE012BDC09008E2E004F070069008E12D
:10486000E004F0C39008E1E0940140CCE49008E15A
:10487000F0A3F0E4F5B19008E1E0FEA3E0FFFDE471
:104880002FF58274DD3EF583E493FB7FE112BDC01A
:104890009008E2E004F070069008E1E004F0C390B4
:1048A00008E1E0940140CCE49008E1F0A3F0E4F5E5
:1048B000B19008E1E0FEA3E0FFFDE42FF58274DE95
:1048C0003EF583E493FB7FE212BDC09008E2E00472
:1048D000F070069008E1E004F0C39008E2E094284C
:1048E0009008E1E0940040C643A80130251553A884
:1048F000FE12BBDD12AFDC7FD07E0712BD5A43A88B
:1049000001C225201203024B28E50B450A60030271
:104910004B28202103024B28C221E50FC3944F509E
:10492000030249BC9007C5E510F0D202C200125B39
:1049300032D3E5099401E5089400407830180674F4
:10494000FFF508F509E509150970021508E4F50FEA
:10495000E51375F017A47C002512FFEFFEE4240296
:10496000FFE43EFEE4FD12B99E12BD51E51375F061
:1049700017A47C002512FFEFFEE42403FFE43EFEB3
:10498000E4FD12B99E9007C912BD54E51375F017E6
:10499000A47C002512FFEFFEE42404FFE43EFEE4C5
:1049A000FD12B99E8F109007C4E0FF20E703024B71
:1049B00028024A49E4F50FC212024B28E5106006AE
:1049C000F46003024A6BD3E5099401E508940050B2
:1049D00003024A6130180674FFF508F509E5091568
:1049E0000970021508E4F50FE51375F017A47C00B3
:1049F0002512FFEFFEE42402FFE43EFEE4FD12B9BF
:104A00009E12BD51E51375F017A47C002512FFEF2F
:104A1000FEE42403FFE43EFEE4FD12B99E9007C9C4
:104A200012BD54E51375F017A47C002512FFEFFEAC
:104A3000E42404FFE43EFEE4FD12B99E8F109007CB
:104A4000C4E0FF20E703024B28E4F50AF50B9007CA
:104A5000C9E0750A00F50BEF547FFEEE420A024BE7
:104A600028E4F50FC212C208024B289007C4E09058
:104A700007C530E709E510F0D202D2008007E51043
:104A8000F0D202C200125B32E51375F017A47C006D
:104A90002512FFEC35F0EFFCE50F75F003A42400C0
:104AA000FFE5F03CCF2405CF3400FEE4FCFD12B955
:104AB0009E12BD51E51375F017A47C002512FFEC82
:104AC00035F0EFFCE50F75F003A42400FFE5F03CA2
:104AD000CF2406CF3400FEE4FCFD12B99E9007C936
:104AE00012BD54E51375F017A47C002512FFEC35B8
:104AF000F0EFFCE50F75F003A42400FFE5F03CCFD8
:104B00002407CF3400FEE4FCFD12B99E8F10E4F5BB
:104B10000AF50B9007C9E0750A00F50B9007C4E091
:104B2000547FFEEE420A050F300105C2011290D3F8
:104B30002020030244EF1295180244EF7857E6C391
:104B400094015003024FB3E4F6786EE6601F06E668
:104B5000B4050C7F0112BE5C12BBDDE4785BF67815
:104B60006EE6C3940F5003024FB3E4F622785A0660
:104B7000E62401FFE433FE781BE6FDD3EF9D74804D
:104B8000F86E985003024FB3E4785AF6051A051AE6
:104B9000E51AD394FA4016E4F51AB23730370E7896
:104BA0006E7601786106E694074002E4F630370637
:104BB000785BA61A8008C374FD951A785BF6785C5A
:104BC000E6B408004003024FB3904BD0F828287396
:104BD000024BE8024C2A024C6D024CB2024CF40229
:104BE0004D36024D7B024DBDE49008F6F09008F67C
:104BF000E0FFC3948A4003024FB3785BE6FE742063
:104C00002FF582E43406F583EEF0748B2FF582E401
:104C10003405F583E4F074F62FF582E43404F5836B
:104C2000E4F09008F6E004F080C3E49008F6F09019
:104C300008F6E0FFC3948A4003024FB3E0FE24204D
:104C4000F582E43406F583E4F0785BE6FD748B2EA0
:104C5000F582E43405F583EDF074F62FF582E43443
:104C600004F583E4F09008F6E004F080C2E49008D4
:104C7000F6F09008F6E0FFC3948A4003024FB37445
:104C8000202FF582E43406F583E4F0748B2FF5824F
:104C9000E43405F583E4F0785BE6FF9008F6E02461
:104CA000F6F582E43404F583EFF09008F6E004F0C2
:104CB00080C0E49008F6F09008F6E0FFC3948A40C4
:104CC00003024FB3785BE6FE74202FF582E43406CE
:104CD000F583EEF0748B2FF582E43405F583EEF066
:104CE00074F62FF582E43404F583E4F09008F6E0DE
:104CF00004F080C3E49008F6F09008F6E0FFC39457
:104D00008A4003024FB3785BE6FE74202FF582E4FD
:104D10003406F583EEF0748B2FF582E43405F583C9
:104D2000E4F074F62FF582E43404F583EEF0900895
:104D3000F6E004F080C3E49008F6F09008F6E0FF97
:104D4000C3948A4003024FB374202FF582E43406E3
:104D5000F583E4F0785BE6FE748B2FF582E434058E
:104D6000F583EEF09008F6E024F6F582E43404F5DD
:104D700083EEF09008F6E004F080C0E49008F6F0CE
:104D80009008F6E0FFC3948A4003024FB3785BE6D5
:104D9000FE74202FF582E43406F583EEF0748B2F39
:104DA000F582E43405F583EEF074F62FF582E434F1
:104DB00004F583EEF09008F6E004F080C37861E635
:104DC000B407004003024FB3904DCFF82828730278
:104DD0004DE4024E26024E69024EAE024EF0024FE4
:104DE00032024F74E49008F6F09008F6E0FFC394A6
:104DF0008A4003024FB3785BE6FE74202FF582E40D
:104E00003406F583EEF0748B2FF582E43405F583D8
:104E1000E4F074F62FF582E43404F583E4F09008AE
:104E2000F6E004F080C3E49008F6F09008F6E0FFA6
:104E3000C3948A4003024FB3E0FE2420F582E43499
:104E400006F583E4F0785BE6FD748B2EF582E4349E
:104E500005F583EDF074F62FF582E43404F583E470
:104E6000F09008F6E004F080C2E49008F6F09008B4
:104E7000F6E0FFC3948A4003024FB374202FF582FB
:104E8000E43406F583E4F0748B2FF582E43405F501
:104E900083E4F0785BE6FF9008F6E024F6F582E420
:104EA0003404F583EFF09008F6E004F080C0E4905D
:104EB00008F6F09008F6E0FFC3948A4003024FB36F
:104EC000785BE6FE74202FF582E43406F583EEF07D
:104ED000748B2FF582E43405F583EEF074F62FF52C
:104EE00082E43404F583E4F09008F6E004F080C333
:104EF000E49008F6F09008F6E0FFC3948A400302BD
:104F00004FB3785BE6FE74202FF582E43406F58318
:104F1000EEF0748B2FF582E43405F583E4F074F63B
:104F20002FF582E43404F583EEF09008F6E004F007
:104F300080C3E49008F6F09008F6E0FFC3948A502E
:104F40007274202FF582E43406F583E4F0785BE692
:104F5000FE748B2FF582E43405F583EEF09008F6AD
:104F6000E024F6F582E43404F583EEF09008F6E0F0
:104F700004F080C3E49008F6F09008F6E0FFC394D4
:104F80008A5030785BE6FE74202FF582E43406F513
:104F900083EEF0748B2FF582E43405F583EEF07424
:104FA000F62FF582E43404F583EEF09008F6E00481
:104FB000F080C62274902FF582E43402F583E0FE7F
:104FC0007832F6748B2FF582E43402F583E0FD1815
:104FD000F6EE75F017A42D18F674C62FF582E4349A
:104FE00003F583E070030250F7E6248AF582E43487
:104FF00000F583E0640160030250F720360302509D
:105000008E90015BE06401706674C62FF582E43413
:1050100003F583E4F07832E6FE74F12FF582E43490
:1050200001F583EEF0FD74972FF582E43402F583E9
:10503000EDF018E6FDEF75F006A4241FF582E434C8
:1050400001F583E5822EF582E43583F583EDF008E2
:10505000E6FEEF75F006A4243DF582E43401F58305
:10506000E5822EF582E43583F583EDF00250F77882
:1050700030E6FE248AF582E43400F583E4F0749C83
:105080002EF582E43402F583E024FBF0806974C6D7
:105090002FF582E43403F583E4F07832E6FE74F110
:1050A0002FF582E43401F583EEF0FD74972FF5823D
:1050B000E43402F583EDF018E6FDEF75F006A42464
:1050C0001FF582E43401F583E5822EF582E4358311
:1050D000F583EDF008E6FEEF75F006A4243DF582B9
:1050E000E43401F583E5822EF582E43583F583ED22
:1050F000F090015B7401F090015BE0700302530FCC
:1051000074972FF582E43402F583E0D394005003C2
:1051100002519474972FF582E43402F583E014F081
:1051200074972FF582E43402F583E075F017A42418
:1051300000F582E43400F5837831E6FE2582F582BD
:10514000E43583F5837401F074972FF582E434021B
:10515000F583E0FDEF75F006A4241FF582E4340129
:10516000F583E5822DF582E43583F583EEF07497BF
:105170002FF582E43402F583E0FDEF75F006A424F8
:105180003DF582E43401F583E5822DF582E4358333
:10519000F583EEF074F12FF582E43401F583E0C37A
:1051A0009405400302522874F12FF582E43401F58E
:1051B00083E004F074F12FF582E43401F583E075A7
:1051C000F017A42400F582E43400F5837831E6FE7C
:1051D0002582F582E43583F5837401F074F12FF5AF
:1051E00082E43401F583E0FDEF75F006A4241FF599
:1051F00082E43401F583E5822DF582E43583F5837D
:10520000EEF074F12FF582E43401F583E0FDEF75E3
:10521000F006A4243DF582E43401F583E5822DF502
:1052200082E43583F583EEF0E4FEEF75F006A42406
:105230003DF582E43401F583E5822EF582E4358381
:10524000F583E0D394004050EF75F006A4243DF5BB
:1052500082E43401F583E5822EF582E43583F5831B
:10526000E014F0EF75F006A4243DF582E43401F576
:1052700083E5822EF582E43583F583E0FDEE75F05B
:1052800017A42400F582E43400F583E5822DF5822D
:10529000E43583F5837401F0EF75F006A4241FF55F
:1052A00082E43401F583E5822EF582E43583F583CB
:1052B000E0C394165050EF75F006A4241FF582E465
:1052C0003401F583E5822EF582E43583F583E0042D
:1052D000F0EF75F006A4241FF582E43401F583E5B0
:1052E000822EF582E43583F583E0FDEE75F017A498
:1052F0002400F582E43400F583E5822DF582E4355F
:1053000083F5837401F00EEE6406600302522A22D4
:10531000900911E0FD6401703F900928745EF0A3CC
:1053200074EFF0900922E4F0A37412F0900915E0F4
:10533000FE900914E0FBEBFF900920EEF0A3EFF0E4
:10534000C39412EE94005005900920800390092226
:10535000E0FEA3E0FF02562BED6402703F900928A7
:10536000745FF0A37401F0900922E4F0A3743BF0A1
:10537000900915E0FE900914E0FDEDFF900920EE84
:10538000F0A3EFF0C3943BEE940050059009208009
:1053900003900922E0FEA3E0FF02562B900911E0E2
:1053A000FD64036003025507900910E0FC703F9014
:1053B0000928745DF0A374DDF0900922E4F0A37471
:1053C00004F0900915E0FE900914E0FBEBFF900952
:1053D00020EEF0A3EFF0C39404EE94005005900982
:1053E000208003900922E0FEA3E0FF02562BEC642C
:1053F00001703F900928745DF0A374A9F090092210
:10540000E4F0A37419F0900915E0FE900914E0FB94
:10541000EBFF900920EEF0A3EFF0C39419EE940097
:1054200050059009208003900922E0FEA3E0FF02CE
:10543000562B900910E0FC6402703F900928745DBF
:10544000F0A37480F0900922E4F0A37429F090098D
:1054500015E0FE900914E0FBEBFF900920EEF0A3AD
:10546000EFF0C39429EE940050059009208003903A
:105470000922E0FEA3E0FF02562BEC6403703F908C
:105480000928745DF0A374C2F0900922E4F0A374BB
:105490000AF0900915E0FE900914E0FBEBFF90097B
:1054A00020EEF0A3EFF0C3940AEE940050059009AB
:1054B000208003900922E0FEA3E0FF02562B900912
:1054C00010E0F4703F900928745DF0A374CCF09064
:1054D0000922E4F0A37411F0900915E0FE9009147C
:1054E000E0FBEBFF900920EEF0A3EFF0C39411EE88
:1054F000940050059009208003900922E0FEA3E06B
:10550000FF02562B025637ED6422600302559C9031
:105510000912E0FD703F900928745DF0A374E1F07A
:10552000900922E4F0A37441F0900915E0FE90097F
:1055300014E0FBEBFF900920EEF0A3EFF0C39441E1
:10554000EE940050059009208003900922E0FEA30C
:10555000E0FF02562BED6401703F900928745EF065
:10556000A37422F0900922E4F0A374CDF090091501
:10557000E0FE900914E0FDEDFF900920EEF0A3EFAE
:10558000F0C394CDEE94005005900920800390095B
:1055900022E0FEA3E0FF02562B025637900911E0ED
:1055A00064216003025637A3E0FD703E9009287421
:1055B0005FF0A3743CF0900922E4F0A37409F0902A
:1055C0000915E0FE900914E0FBEBFF900920EEF0D6
:1055D000A3EFF0C39409EE940050059009208003D6
:1055E000900922E0FEA3E0FF8041ED640170469047
:1055F0000928745FF0A37445F0900922E4F0A374C5
:1056000009F0900915E0FE900914E0FDEDFF900906
:1056100020EEF0A3EFF0C39409EE9400500590093A
:10562000208003900922E0FEA3E0FF900922EEF023
:10563000A3EFF08005800002C1CF12A48C43970431
:10564000229008FBEFF012B79E782FEFF675F01757
:1056500084A6F0E6C31375F00AA4FF9008FBE0FEF1
:10566000249CF582E43402F583EFF074312EF58248
:10567000E43403F5837401F012B79E7830EFF675C9
:10568000F01784AFF0EFF69008FBE0FD75F002A490
:1056900024CBF582E5F03403F583E4F0A3EFF07555
:1056A000F002EDA424CBF582E5F03403F583E47534
:1056B000F0011280F275F002EDA424CBF582E5F042
:1056C0003403F583E0FEA3E02402FDE43EFC9008F1
:1056D000FBE0F925E0FFE433FE74F92FF582740353
:1056E0003EF583ECF0A3EDF075F002E9A424CBF5D0
:1056F00082E5F03403F583E0FCA3E02403FDE43C01
:10570000FC74272FF58274043EF583ECF0A3EDF0D2
:1057100075F002E9A424CBF582E5F03403F583E0CB
:10572000FEA3E02404FDE43EFCE925E0FFE433FEB3
:1057300074552FF58274043EF583ECF0A3EDF075FB
:10574000F002E9A424CBF582E5F03403F583E0FC14
:10575000A3E02405FDE43CFC74832FF58274043E31
:10576000F583ECF0A3EDF075F002E9A424CBF5820B
:10577000E5F03403F583E0FEA3E02406FDE43EFCFF
:10578000E925E0FFE433FE74B12FF58274043EF5A1
:1057900083ECF0A3EDF012B79E9008FBE0FE2431FD
:1057A000F582E43403F583EFF074312EF582E434AE
:1057B00003F583E0FD7FFF129F119008FBE0245C5E
:1057C000F582E43401F583EFF012B79E9008FBE018
:1057D000FE2448F582E43403F583EFF074482EF597
:1057E00082E43403F583E0FD7FFF129F119008FBF4
:1057F000E02473F582E43401F583EFF012B79E9054
:1058000008FBE0FE245FF582E43403F583EFF074D7
:105810005F2EF582E43403F583E0FD7FFF129F11D4
:105820009008FBE0248AF582E43401F583EFF0125E
:10583000B79E9008FBE0FE2476F582E43403F583FE
:10584000EFF074762EF582E43403F583E0FD7FFFFC
:10585000129F119008FBE024A1F582E43401F58346
:10586000EFF012B79E9008FBE0FE248DF582E43441
:1058700003F583EFF0748D2EF582E43403F583E0B5
:10588000FD7FFF129F119008FBE024B8F582E434FD
:1058900001F583EFF012B79E9008FBE0FE24A4F51B
:1058A00082E43403F583EFF074A42EF582E434032C
:1058B000F583E0FD7FFF129F119008FBE024CFF5F8
:1058C00082E43401F583EFF02280109008F6E024A2
:1058D00056F582E43409F583E0601112B79E900812
:1058E000F6EFF075F01784E5F0F080DF9008F6E051
:1058F0002456F582E43409F5837401F012B79EEF63
:1059000075F00684AFF09008F6E0FD75F002A4246F
:10591000CBF582E5F03403F583E4F0A3EFF075F006
:1059200002EDA424CBF582E5F03403F583E0FEA379
:10593000E02402FDE43EFC9008F6E0F925E0FFE4F7
:1059400033FE74F92FF58274033EF583ECF0A3ED7A
:10595000F075F002E9A424CBF582E5F03403F58379
:10596000E0FCA3E02403FDE43CFC74272FF58274E3
:10597000043EF583ECF0A3EDF075F002E9A424CB2E
:10598000F582E5F03403F583E0FEA3E02404FDE4B2
:105990003EFCE925E0FFE433FE74552FF5827404E4
:1059A0003EF583ECF0A3EDF075F002E9A424CBF50D
:1059B00082E5F03403F583E0FCA3E02405FDE43C3C
:1059C000FC74832FF58274043EF583ECF0A3EDF0B4
:1059D00075F002E9A424CBF582E5F03403F583E009
:1059E000FEA3E02406FDE43EFCE925E0FFE433FEEF
:1059F00074B12FF58274043EF583ECF0A3EDF01240
:105A0000B79E9008F6E0FE2431F582E43403F58376
:105A1000EFF074312EF582E43403F583E0FD7FFF6F
:105A2000129F119008F6E0245CF582E43401F583BE
:105A3000EFF012B79E9008F6E0FE2448F582E434B9
:105A400003F583EFF074482EF582E43403F583E028
:105A5000FD7FFF129F119008F6E02473F582E43475
:105A600001F583EFF012B79E9008F6E0FE245FF593
:105A700082E43403F583EFF0745F2EF582E434039F
:105A8000F583E0FD7FFF129F119008F6E0248AF570
:105A900082E43401F583EFF012B79E9008F6E0FE41
:105AA0002476F582E43403F583EFF074762EF582E4
:105AB000E43403F583E0FD7FFF129F119008F6E0C8
:105AC00024A1F582E43401F583EFF012B79E90082B
:105AD000F6E0FE248DF582E43403F583EFF0748D57
:105AE0002EF582E43403F583E0FD7FFF129F1190D1
:105AF00008F6E024B8F582E43401F583EFF012B73C
:105B00009E9008F6E0FE24A4F582E43403F583EFCA
:105B1000F074A42EF582E43403F583E0FD7FFF12D8
:105B20009F119008F6E024CFF582E43401F583EF6D
:105B3000F022302F0B9007C5E064657003025D7F93
:105B40009007C5E054F0FFBFE00D9007C8E0640483
:105B50006005D20202BC9D200003025C4F202E583B
:105B6000E49008EAF09008EAE0FFC39406400302DC
:105B70005D7F74082FF582E43407F583E07016909A
:105B800007C5E0FF9008EAE02408F582E43407F551
:105B900083EFF0D2029008EAE02408F582E43407AB
:105BA000F583E0FF9007C5E0FEEF6E7003025D7FB6
:105BB0009008EAE004F080ADE49008EAF09008EA8A
:105BC000E0FFC39406503974082FF582E43407F5DA
:105BD00083E0FF70199007C5E0FE9008EAE0240812
:105BE000F582E43407F583EEF0D202D20E2290075C
:105BF000C5E06F7003025D7F9008EAE004F080BDAD
:105C00009007C5E0FF5407FE7401A806088002C390
:105C100033D8FC9008EAF0E4D39F4003025D7F9004
:105C200007C5E0FF94654003025D7FEF1313135433
:105C30001F2446F582E43407F583C083C082E0FF69
:105C40009008EAE0FEEF4ED082D083F0025D7B2028
:105C50002E6DE49008EAF09008EAE0FFC394064055
:105C600003025D7F74082FF582E43407F583E0FFBB
:105C70009007C5E0FEEF6E703E9008EAE0FFC39427
:105C800005502DA3EFF09008EBE0C394055021E000
:105C9000FF2409F582E43407F583E0FE74082FF54C
:105CA00082E43407F583EEF09008EBE004F080D650
:105CB000E490070DF0D2029008EAE004F08098E446
:105CC0009008EAF09008EAE0FFC39406505D74087B
:105CD0002FF582E43407F583E0FF9007C5E0FEEF7F
:105CE0006E70409008EAE0FFC39405502DA3EFF0DA
:105CF0009008EBE0C394055021E0FF2409F582E40D
:105D00003407F583E0FE74082FF582E43407F58349
:105D1000EEF09008EBE004F080D6E490070DF0D2AE
:105D200002D20E9008EAE004F080999007C5E0FFE7
:105D30005407FE7401A806088002C333D8FC9008FB
:105D4000EAF0E4D39F50389007C5E0FF9465502FE8
:105D5000EF131313541FFF2446F582E43407F58331
:105D6000E0FE9008EAE0FDEE5D601074462FF582DB
:105D7000E43407F583EDF4FFEE5FF0D202D20F2298
:105D800028034D0065006300680061006E00690033
:105D9000630061006C0020004B0065007900620028
:105DA0006F00610072006400001803530049004E48
:105DB000004F0020005700450041004C00540048AF
:105DC00000000A03300030003000310010034A00A8
:105DD00050002000540065006300680000040309BF
:105DE0000405010906A101050719E029E7150025A9
:105DF000017501950881029501750881019503756A
:105E00000105081901290391029505750191019574
:105E1000067508150026FF00050719002AFF0081F6
:105E200000C005010906A1018501050775019568F6
:105E300015002501190029681500250175019568CF
:105E400081020985098709880989098A098B0991CD
:105E50000992750195088102C0050C0901A101850F
:105E60000219002A3C021500263C0295017510819A
:105E700000C00600FF0901A1018505150026FF00ED
:105E80001901290275089505B102C00600FF090233
:105E9000A101850A150026FF001901290275089540
:105EA00007B102C00600FF0903A101850B150026FA
:105EB000FF001901290275089507B102C00600FF0D
:105EC0000904A101850C150026FF0019012902759E
:105ED000089507B102C00600FF0905A101850D154F
:105EE0000026FF0019012902750895078100C012DC
:105EF000010002000000088A25900021050102002F
:105F00000109023B00020100A0FA0904000001039C
:105F1000010100092111010001224100070581034F
:105F20000800010904010001030101000921110118
:105F3000000122CD00070582034000010921110163
:105F4000000122410009211101000122CD00FFC101
:105F5000CFFFC165FFBD89FFC177FFBE8EFFB3F1E3
:105F6000FFBF1FFFBF4DFF003EFFAF88FFBA35FFE9
:105F70009AE4FF5310FFBFCFFFC01FFF7383FF9949
:105F80007BFFC0FBFFBFF9FFBCDBFFBB12000101C1
:105F900002010200030302030400050500090601D3
:105FA0000B0700070880000980060C81060C80089A
:105FB0000D81000A82000B810A0EA1010F21091038
:105FC000210A11A10212210B13A10314E59A30E258
:105FD00003026213202E0302610D2002030261CD31
:105FE000C202C2AF200E030260A79009367411F0FE
:105FF000A37420F0900706E0B4AC02E4F090070828
:10600000E0B4AC02E4F0900709E0B4AC02E4F09034
:10601000070AE0B4AC02E4F090070BE0B4AC02E491
:10602000F090070CE0B4AC02E4F090070DE0B4ACE3
:1060300002E4F0900706E0FE900936E0FCA3E0FDE4
:10604000F5828C83EEF08D828C83A3E4F0900708B8
:10605000E08D828C83A3A3F0900709E08D828C836E
:10606000A3A3A3F090070AE0FEED2404F582E43C2C
:10607000F583EEF090070BE0FEED2405F582E43C9D
:10608000F583EEF090070CE0FEED2406F582E43C8B
:10609000F583EEF090070DE0FEED2407F582E43C79
:1060A000F583EEF0759C08300F3D9009367411F0C1
:1060B000A37480F0900936E0FCA3E0F5828C837431
:1060C00001F0FF74452FF582E43407F583E0FE907C
:1060D0000936E0FCA3E02FF582E43CF583EEF00FF7
:1060E000EFB40FDF759D0F300E0C300F09C20EC2DA
:1060F0000F439904800F300E07C20E4399048008A5
:10610000300F05C20F439A04D2AF0261CD201403B1
:106110000261CDC214C2AF300E5C9009367411F02A
:10612000A37420F0900936E0FCA3E0FDF5828C8397
:10613000E4F08D828C83A3F08D828C83A3A3F08DF9
:10614000828C83A3A3A3F0ED2404F582E43CF583C1
:10615000E4F0ED2405F582E43CF583E4F0ED24065B
:10616000F582E43CF583E4F0ED2407F582E43CF5A8
:1061700083E4F0759C08300F319009367411F0A358
:106180007480F0900936E0FEA3E0F5828E837401FE
:10619000F0FF900936E0FCA3E02FF582E43CF583A4
:1061A000E4F00FEFB410EB759D10300E0C300F09BA
:1061B000C20EC20F439904800F300E07C20E4399DE
:1061C000048008300F05C20F439A04D2AF30034356
:1061D000C203C2AF9009367411F0A37480F0900925
:1061E00036E0FCA3E0FDF5828C837402F09007CBCF
:1061F000E08D828C83A3F09007CCE0FE900936E01E
:10620000FCA3E0F5828C83A3A3EEF0759D03439A73
:1062100004D2AF2290FF807490F0A37410F0A3F02A
:10622000A3F0A3F0A3F090FF9CE4F090FF9874FF1C
:10623000F090FFB8E4F090FFA0F090FFE8F090FF3E
:10624000D074FFF090FFB9E4F090FFA1F090FFE967
:10625000F090FFD174FFF090FFBAE4F090FFA2F04D
:1062600090FFEAF090FFD274FFF090FFBBE4F09053
:10627000FFA3F090FFEBF090FFD374FFF090FFBC12
:10628000E4F090FFA4F090FFECF090FFD474FFF0E6
:1062900090FFBDE4F090FFA5F090FFEDF090FFD5EA
:1062A00074FFF090FF867490F0A37410F0A3F0A335
:1062B000F0A3F0A3F090FF9DE4F090FF9974FFF03D
:1062C00090FFBEE4F090FFA6F090FFEEF090FFD6B6
:1062D00074FFF090FFBFE4F090FFA7F090FFEFF0A5
:1062E00090FFD774FFF090FFC0E4F090FFA8F0900B
:1062F000FFF0F090FFD874FFF090FFC1E4F090FF42
:10630000A9F090FFF1F090FFD974FFF090FFC2E484
:10631000F090FFAAF090FFF2F090FFDA74FFF09097
:10632000FFC3E4F090FFABF090FFF3F090FFDB745D
:10633000FFF090FF8C7490F0A37410F0A3F0A3F022
:10634000A3F0A3F090FF9EE4F090FF9A74FFF0900A
:10635000FFC4E4F090FFACF090FFF4F090FFDC7429
:10636000FFF090FFC5E4F090FFADF090FFF5F090E6
:10637000FFDD74FFF090FFC6E4F090FFAEF090FFF9
:10638000F6F090FFDE74FFF090FFC7E4F090FFAFEF
:10639000F090FFF7F090FFDF74FFF090FFC8E4F09B
:1063A00090FFB0F090FFF8F090FFE074FFF090FFE6
:1063B000C9E4F090FFB1F090FFF9F090FFE174FFB5
:1063C000F090FF927490F0A37410F0A3F0A3F090FB
:1063D000FF9FE4F090FF9B74FFF090FFCAE4F09001
:1063E000FFB2F090FFFAF090FFE274FFF090FFCB65
:1063F000E4F090FFB3F090FFFBF090FFE374FFF048
:1064000090FFCCE4F090FFB4F090FFFCF090FFE43C
:1064100074FFF090FFCDE4F090FFB5F090FFFDF039
:1064200090FFE574FFF075DA02E4F5DBF5DCF5DEEC
:1064300075DD64F5D5F5D2F5C375CE32F5D6F5D355
:10644000F5C475C132F5D7F5D4F5C575C23222FE53
:10645000FDFBF7EFDFBF7F00000001000000290017
:106460000000000000003A0000003B0000003C007B
:1064700000003D0000003E0000003F000000400022
:1064800000004100000042000000430000004404FE
:1064900000018300000045000000460000004700A6
:1064A000000048040000E9040000EA040000E204DF
:1064B00000019200000004000000350000001E00F2
:1064C00000001F000000200000002100000022004A
:1064D000000023000000240000002500000026002A
:1064E0000000270000002D0000002E00000000002A
:1064F00000002A000000490000004A0000004B0094
:106500000000530000005400000055000000560039
:106510000000050000002B000000140000001A001D
:1065200000000800000015000000170000001C001B
:106530000000180000000C00000012000000130012
:1065400000002F00000030000000000000003100BB
:1065500000004C0000004D0000004E0000005F00F5
:10656000000060000000610000005700000006000D
:1065700000003900000004000000160000000700C1
:106580000000090000000A0000000B0000000D00E0
:1065900000000E0000000F00000033000000340077
:1065A0000000310000000000000028000000000092
:1065B000000000000000000000005C0000005D0022
:1065C00000005E0000008500000007060000E100FA
:1065D0000000640000001D0000001B000000060019
:1065E000000019000000050000001100000010006C
:1065F000000036000000370000003800000087006F
:10660000000000060000E50000000000000052004D
:10661000000000000000590000005A0000005B006C
:1066200000005800000008060000E0060000E30635
:106630000000E200000000000000000000002C004C
:1066400000000000000000060000E600000000005E
:1066500000006500000000060000E40000000000EB
:1066600000000000000050000000510000004F003A
:10667000000062000000000000006300000000E471
:106680007831F6E4782FF6782FE6FFC394174003AD
:106690000267E07831E6FE75F017A42F18F675F062
:1066A00002A424CBF582E5F03403F583E0FCA3E0FB
:1066B0004C60030267DAE6FF248AF582E43400F5D1
:1066C00083E0704E749C2FF582E43402F583E090F1
:1066D000005693FD74F62FF582E43401F583EDF056
:1066E000E6FF249CF582E43402F583E02418F0747C
:1066F0009C2FF582E43402F583E0C39464500302D6
:1067000067DAE6248AF582E43400F5837401F00246
:1067100067DA7830E6FF249CF582E43402F583E002
:1067200024FCF0749C2FF582E43402F583E09000A1
:106730005693FFE6FD24F6F582E43401F583EFF08D
:10674000749C2DF582E43402F583E0C3940A40037F
:106750000267DAE6FF249CF582E43402F583E4F074
:1067600074F62FF582E43401F583E4F0748A2FF592
:1067700082E43400F583E4F075F002EFA424CBF555
:1067800082E5F03403F583E4F0A374FFF090098808
:10679000E07047EEB4010F18E6FFD39409403BEFD9
:1067A000940E5036801F7831E6FF64026009EF6472
:1067B000036004EFB40423782FE6FFD39408401A53
:1067C000EF940E501508E675F002A424CBF582E58F
:1067D000F03403F583E4F0A304F0782F0602668713
:1067E000783106E664066003026683785A06E6D3CB
:1067F0009404500302688DE4F67830F67830E6FFB2
:10680000C3948A400302688D75F002EFA424CBF58F
:1068100082E5F03403F583E0FEA3E0FFD39400EEBD
:1068200094004063EFF44E605EE6FF75F002A4242E
:10683000CBF582E5F03403F58374FFF5F01280F2B6
:1068400075F002EFA424CBF582E5F03403F583E084
:10685000FEA3E04E703112B79E7830E6FE2431F58B
:1068600082E43403F583EFF074312EF582E43403CF
:10687000F583E0FD7FFF129F117830E6245CF582FE
:10688000E43401F583EFF07830060267FC229008CB
:10689000F5EFF012BBDD75C0FF43888743B07FD2B0
:1068A000FC4380E09008F5E0FF24F6F582E4340430
:1068B000F583E090FFA0F0748B2FF582E43405F5AA
:1068C00083E090FFA1F09008F5E0FF2420F582E43A
:1068D0003406F583E090FFA2F0740D2FF582E434C6
:1068E00005F583E090FFA3F09008F5E0FF24A2F502
:1068F00082E43405F583E090FFA4F074372FF5822D
:10690000E43406F583E090FFA5F09008F5E0FF245D
:1069100024F582E43405F583E090FFA6F074B92FE6
:10692000F582E43405F583E090FFA7F09008F5E0E8
:10693000FF244EF582E43406F583E090FFA8F0745E
:106940003B2FF582E43405F583E090FFA9F0900831
:10695000F5E0FF24D0F582E43405F583E090FFAA4A
:10696000F074652FF582E43406F583E090FFABF018
:106970009008F5E0FF2452F582E43405F583E090B9
:10698000FFACF074E72FF582E43405F583E090FF67
:10699000ADF09008F5E0FF247CF582E43406F58341
:1069A000E090FFAEF074692FF582E43405F583E0E2
:1069B00090FFAFF09008F5E0FF24FEF582E4340587
:1069C000F583E090FFB0F074932FF582E43406F580
:1069D00083E090FFB1F000000012BDF77F017E0060
:1069E00012BD5A9008F5E0B417004003026A8D907A
:1069F00069F6F8282873026A3B026A3E026A41027D
:106A00006A44026A47026A4A026A4D026A50026A8E
:106A100053026A56026A59026A5C026A5F026A623B
:106A2000026A65026A68026A6B026A6E026A710231
:106A30006A74026A77026A7A026A7DC2B122C2C0AF
:106A400022C2C122C2C222C2C322C2C422C2C522E1
:106A5000C2C622C2C722C28822C28922C28A22C2D8
:106A60008F22C2B022C2B422C2B222C2B322C2B5A5
:106A700022C2B622C2FC22C28522C28622C287C29C
:106A8000CF75CDFE75CC6F75CBFE75CA6F22E478DD
:106A900031F6E4782FF6782FE6FFC394174003020F
:106AA0006BC77831E675F017A42F18F675F002A4BD
:106AB00024CBF582E5F03403F583E0FEA3E04E60DD
:106AC00003026BC1E6FF248AF582E43400F583E01B
:106AD000704E749C2FF582E43402F583E0900056EA
:106AE00093FE74F62FF582E43401F583EEF0E6FFB1
:106AF000249CF582E43402F583E0240AF0749C2F90
:106B0000F582E43402F583E0C394645003026BC160
:106B1000E6248AF582E43400F5837401F0026BC147
:106B20007830E6FF249CF582E43402F583E024FC0F
:106B3000F0749C2FF582E43402F583E090005693C4
:106B4000FFE6FE24F6F582E43401F583EFF0749C51
:106B50002EF582E43402F583E0C3940A5063E6FF25
:106B6000249CF582E43402F583E4F074F62FF58278
:106B7000E43401F583E4F0748A2FF582E43400F5FF
:106B800083E4F0786BE6C3940275F002EE4013A440
:106B900024CBF582E5F03403F583E4F0A374FFF031
:106BA0008010A424CBF582E5F03403F583E4F0A350
:106BB00004F090043DE07004A3E064017003786B7E
:106BC00006782F06026A96783106E66406600302AC
:106BD0006A92785A06E6D394045003026C74E4F681
:106BE0007830F67830E6FFC3948A4003026C7475FF
:106BF000F002EFA424CBF582E5F03403F583E0FE48
:106C0000A3E0FFD39400EE94004063EFF44E605E87
:106C1000E6FF75F002A424CBF582E5F03403F5839A
:106C200074FFF5F01280F275F002EFA424CBF58228
:106C3000E5F03403F583E0FEA3E04E703112B79E19
:106C40007830E6FE2431F582E43403F583EFF07406
:106C5000312EF582E43403F583E0FD7FFF129F11AE
:106C60007830E6245CF582E43401F583EFF0783087
:106C700006026BE322E4FBEBFFC374179FFFE4946F
:106C800000FE7C037DBA12808B7C007D1712809DF4
:106C9000AC06AD07EB25E0FFE433FE74B12FF582BF
:106CA00074043EF583ECF0A3EDF00BEBB417C89041
:106CB0000483E4F0A37429F0E4FBEBFFC374179F93
:106CC000FFE49400FE7C037DBA12808B7C007D176C
:106CD00012809DAC06AD07EB25E0FFE433FE748522
:106CE0002FF58274043EF583ECF0A3EDF00BEBB4CA
:106CF00016C8900455E4F0A37452F0A3E4F0A37412
:106D000029F0E4FBEBFFC374179FFFE49400FE7CC3
:106D1000037DBA12808B7C007D1712809DAC06AD7E
:106D200007EB25E0FFE433FE74592FF58274043E2F
:106D3000F583ECF0A3EDF00BEBB415C8900427E459
:106D4000F0A3747BF0A3E4F0A37452F0A3E4F0A3E7
:106D50007429F0E4FBEBFFC374179FFFE49400FE7B
:106D60007C037DBA12808B7C007D1712809DAC065F
:106D7000AD07EB25E0FFE433FE742D2FF58274049C
:106D80003EF583ECF0A3EDF00BEBB414C89003F9DF
:106D9000E4F0A374A4F0A3E4F0A3747BF0A3E4F004
:106DA000A37452F0A3E4F0A37429F0E4FBEBFFC357
:106DB00074179FFFE49400FE7C037DBA12808B7CE5
:106DC000007D1712809DAC06AD07EB25E0FFE43394
:106DD000FE74012FF58274043EF583ECF0A3EDF010
:106DE0000BEBB413C89003CBE4F0A374CDF0A3E491
:106DF000F0A374A4F0A3E4F0A3747BF0A3E4F0A3E5
:106E00007452F0A3E4F0A37429F0E4FBEBFFC37425
:106E1000179FFFE49400FE7C037DBA12808B7C00F8
:106E20007D1712809DAC06AD07EB25E0FFE433FE35
:106E300074D52FF58274033EF583ECF0A3EDF00BCF
:106E4000EBB412C822E49008FAF09008FAE0FFC30D
:106E5000948A4003026F5C75F002EFA424CBF582A4
:106E6000E5F03403F583E0FEA3E04E6003026F53C8
:106E70009008FAE0248AF582E43400F583E0705447
:106E8000749C2FF582E43402F583E090005693FE63
:106E900074F62FF582E43401F583EEF09008FAE001
:106EA000FF249CF582E43402F583E02414F0749C02
:106EB0002FF582E43402F583E0C394645003026F3B
:106EC000539008FAE0248AF582E43400F5837401D3
:106ED000F0026F539008FAE0FF249CF582E434023C
:106EE000F583E024FBF0749C2FF582E43402F583F3
:106EF000E090005693FF9008FAE0FE24F6F582E455
:106F00003401F583EFF0749C2EF582E43402F583AE
:106F1000E0C3940A503D9008FAE0FF249CF582E417
:106F20003402F583E4F074F62FF582E43401F5833E
:106F3000E4F0748A2FF582E43400F583E4F075F010
:106F400002EFA424CBF582E5F03403F583E4F0A34B
:106F500074FFF09008FAE004F0026E4A785A06E6F0
:106F6000D394045003027008E4F69008FAF09008F5
:106F7000FAE0FFC3948A400302700875F002EFA4A0
:106F800024CBF582E5F03403F583E0FEA3E0FFD3E4
:106F90009400EE94004068EFF44E60639008FAE0CD
:106FA000FF75F002A424CBF582E5F03403F5837479
:106FB000FFF5F01280F275F002EFA424CBF582E524
:106FC000F03403F583E0FEA3E04E703312B79E90D9
:106FD00008FAE0FE2431F582E43403F583EFF0741F
:106FE000312EF582E43403F583E0FD7FFF129F111B
:106FF0009008FAE0245CF582E43401F583EFF09028
:1070000008FAE004F0026F6E22E49008F6F09008AF
:10701000F6E0FFC3948A400302712075F002EFA4EA
:1070200024CBF582E5F03403F583E0FEA3E04E6067
:10703000030271179008F6E0248AF582E43400F523
:1070400083E07054749C2FF582E43402F583E09061
:10705000005693FE74F62FF582E43401F583EEF0CA
:107060009008F6E0FF249CF582E43402F583E024E6
:1070700014F0749C2FF582E43402F583E0C3946429
:1070800050030271179008F6E0248AF582E4340078
:10709000F5837401F00271179008F6E0FF249CF567
:1070A00082E43402F583E024FBF0749C2FF582E443
:1070B0003402F583E090005693FF9008F6E0FE243A
:1070C000F6F582E43401F583EFF0749C2EF582E44A
:1070D0003402F583E0C3940A503D9008F6E0FF24A3
:1070E0009CF582E43402F583E4F074F62FF582E433
:1070F0003401F583E4F0748A2FF582E43400F583DB
:10710000E4F075F002EFA424CBF582E5F03403F54A
:1071100083E4F0A374FFF09008F6E004F002700E30
:10712000785A06E6D3940250030271C5E4F690083B
:10713000F6F09008F6E0FFC3948A40030271C5752B
:10714000F002EFA424CBF582E5F03403F583E0FEF2
:10715000A3E0D39400EE940040629008F6E075F04E
:1071600002A424CBF582E5F03403F58374FFF5F037
:107170001280F275F002EFA424CBF582E5F034031F
:10718000F583E0FEA3E04E703312B79E9008F6E060
:10719000FE2431F582E43403F583EFF074312EF5EB
:1071A00082E43403F583E0FD7FFF129F119008F61F
:1071B000E0245CF582E43401F583EFF09008F6E01A
:1071C00004F002713222E47831F6E4782FF6782F59
:1071D000E6FFC3941740030272D57831E675F017C5
:1071E000A42F18F675F002A424CBF582E5F0340341
:1071F000F583E0FEA3E04E60030272CFE6FF248A2F
:10720000F582E43400F583E0704D749C2FF582E440
:107210003402F583E090005693FE74F62FF582E475
:107220003401F583EEF0E6FF249CF582E43402F5A8
:1072300083E0240CF0749C2FF582E43402F583E0A3
:10724000C3946450030272CFE6248AF582E43400CA
:10725000F5837401F080787830E6FF249CF582E4B1
:107260003402F583E024FEF0749C2FF582E43402AE
:10727000F583E090005693FFE6FE24F6F582E434B1
:1072800001F583EFF0749C2EF582E43402F583E07F
:10729000C3940A503AE6FF249CF582E43402F58355
:1072A000E4F074F62FF582E43401F583E4F0748A97
:1072B0002FF582E43400F583E4F075F002EFA424A6
:1072C000CBF582E5F03403F583E4F0A374FFF078A6
:1072D0002F060271CE783106E6640660030271CA99
:1072E000785A06E6D394025003027382E4F67830AB
:1072F000F67830E6FFC3948A400302738275F00289
:10730000EFA424CBF582E5F03403F583E0FEA3E09F
:10731000FFD39400EE94004063EFF44E605EE6FF0E
:1073200075F002A424CBF582E5F03403F58374FFF5
:10733000F5F01280F275F002EFA424CBF582E5F0AF
:107340003403F583E0FEA3E04E703112B79E78302F
:10735000E6FE2431F582E43403F583EFF074312E38
:10736000F582E43403F583E0FD7FFF129F1178304E
:10737000E6245CF582E43401F583EFF07830060210
:1073800072F122900913E0FF7039900912E0703316
:10739000900910E0702DA3E064027027900914E0BA
:1073A000FE7020539BF0EE429B9009367411F0A3BF
:1073B0007408F0900936E0FCA3E0F5828C83E516B2
:1073C00002752EEF6003027533900912E0640160CC
:1073D00003027533900910E0640A6003027533A359
:1073E000E064036003027533900917E0FF640160F5
:1073F0000302748F539BF0439B089009367411F07D
:10740000A37408F0900936E475F00112810885F044
:1074100082F583740AF0900936E475F00112810850
:1074200085F082F583741CF0900936E475F0011242
:10743000810885F082F5837405F0900936E475F0D3
:107440000112810885F082F5837401F0900936E419
:1074500075F00112810885F082F583E4F090093619
:1074600075F00112810885F082F583E4F090093609
:1074700075F00112810885F082F583E4F0900936F9
:1074800075F00112810885F082F583E402752EEF14
:1074900064036003027533539BF0439B08900936E5
:1074A0007411F0A37408F0900936E475F0011281AC
:1074B0000885F082F583740AF0786DE6FF9009364E
:1074C000E475F00112810885F082F583EFF09009F0
:1074D00036E475F00112810885F082F583E4F090BE
:1074E000093675F00112810885F082F583E4F09089
:1074F000093675F00112810885F082F583E4F09079
:10750000093675F00112810885F082F583E4F09068
:10751000093675F00112810885F082F583E4F09058
:10752000093675F00112810885F082F583E4F04395
:1075300097042212C1CF229008F5EFF07957E7D3D4
:10754000781B964007E47857F6126E45E4782DF6DE
:10755000782DE6FFC39406505EEF75F017A4FF90F8
:1075600008F5E02F08F6E6FF24F6F582E43401F58D
:1075700083E0D394004014785CE6B40705128805D4
:107580008030782EE6FF129E7F8027782EE6FF243B
:1075900020F582E43406F583E4F0748B2FF582E461
:1075A0003405F583E4F074F62FF582E43404F583B2
:1075B000E4F0782D0680999008F5E0FF243FF582ED
:1075C000E43409F583E06003027658EFFD7C002582
:1075D000E0FFEC33FE74832FF58274043EF583E004
:1075E000FEA3E0F44E60030276EA9008F5E0243F43
:1075F000F582E43409F5837401F0ED25E0FFEC3306
:10760000FE74B12FF58274043EF583E4F0A3F074A8
:10761000832FF58274043EF583E4F0A304F07455DF
:107620002FF58274043EF583E4F0A37402F074270E
:107630002FF58274043EF583E4F0A37403F074F92B
:107640002FF58274033EF583E4F0A37404F074CB49
:107650002FF58274030276E19008F5E0FD7C0025A9
:10766000E0FFEC33FE74F92FF58274033EF583E0FE
:10767000FEA3E0F44E70739008F5E0243FF582E439
:107680003409F583E4F0ED25E0FFEC33FE74CB2FF5
:10769000F58274033EF583E4F0A3F074F92FF582CC
:1076A00074033EF583E4F0A304F074272FF582748D
:1076B000043EF583E4F0A37402F074552FF5827450
:1076C000043EF583E4F0A37403F074832FF5827411
:1076D000043EF583E4F0A37404F074B12FF58274D2
:1076E000043EF583E4F0A37405F022E49008F5F07D
:1076F0009008F5E0FFC3948A40030277F175F00229
:10770000EFA424CBF582E5F03403F583E0FEA3E09B
:107710004E60030277E89008F5E0248AF582E434AD
:1077200000F583E07050749C2FF582E43402F583F9
:10773000E090005693FE74F62FF582E43401F58351
:10774000EEF09008F5E0FF249CF582E43402F58326
:10775000E0240AF0749C2FF582E43402F583E0C340
:10776000946440439008F5E0248AF582E43400F5FF
:10777000837401F080319008F5E0FF249CF582E4E9
:107780003402F583E024FEF0749C2FF582E4340289
:10779000F583E090005693FF9008F5E024F6F5821B
:1077A000E43401F583EFF09008F5E0249CF582E4E1
:1077B0003402F583E070319008F5E0FF24F6F5829D
:1077C000E43401F583E4F0748A2FF582E43400F5A3
:1077D00083E4F075F002EFA424CBF582E5F03403E6
:1077E000F583E4F0A374FFF09008F5E004F002766E
:1077F000F0785A06E6D394015003027896E4F690A6
:1078000008F5F09008F5E0FFC3948A4003027896EB
:1078100075F002EFA424CBF582E5F03403F583E0A4
:10782000FEA3E0D39400EE940040629008F5E0756A
:10783000F002A424CBF582E5F03403F58374FFF560
:10784000F01280F275F002EFA424CBF582E5F0345B
:1078500003F583E0FEA3E04E703312B79E9008F567
:10786000E0FE2431F582E43403F583EFF074312E29
:10787000F582E43403F583E0FD7FFF129F11900849
:10788000F5E0245CF582E43401F583EFF09008F52F
:10789000E004F002780322E4782DF6782DE6FFC3A9
:1078A000948A400302799975F002EFA424CBF58203
:1078B000E5F03403F583E0FEA3E04E600302799324
:1078C000E6FF248AF582E43400F583E0704D749C71
:1078D0002FF582E43402F583E090005693FE74F6AF
:1078E0002FF582E43401F583EEF0E6FF249CF58267
:1078F000E43402F583E0240AF0749C2FF582E4342A
:1079000002F583E0C394645003027993E6248AF578
:1079100082E43400F5837401F08078782DE6FF244A
:107920009CF582E43402F583E024FBF0749C2FF58F
:1079300082E43402F583E090005693FFE6FE24F6DD
:10794000F582E43401F583EFF0749C2EF582E43483
:1079500002F583E0C3940B503AE6FF249CF582E4E1
:107960003402F583E4F074F62FF582E43401F583F4
:10797000E4F0748A2FF582E43400F583E4F075F0C6
:1079800002EFA424CBF582E5F03403F583E4F0A301
:1079900074FFF0782D0602789B785A06E6D394029D
:1079A0005003027A3EE4F6782DF6782DE6FFC39474
:1079B0008A4003027A3E75F002EFA424CBF582E5FB
:1079C000F03403F583E0FEA3E0FFD39400EE9400CF
:1079D0004066EF94FFEE9400505EE6FF75F002A45F
:1079E00024CBF582E5F03403F58374FFF5F01280C3
:1079F000F275F002EFA424CBF582E5F03403F583B1
:107A0000E0FEA3E04E703112B79E782DE6FE2431E1
:107A1000F582E43403F583EFF074312EF582E4341B
:107A200003F583E0FD7FFF129F11782DE6245CF5BE
:107A300082E43401F583EFF0782D060279AA2290D2
:107A400008F5EFF07957E7D3781B964065E478574F
:107A5000F612ACA812BBDDE4782DF6782DE6FFC354
:107A60009417504B75F002EFA424CBF582E5F03467
:107A700003F583E475F0021280F275F002EFA4249E
:107A8000CBF582E5F03403F583E0FEA3E0D394FF69
:107A9000EE94024015782DE675F002A424CBF58211
:107AA000E5F03403F583E4F0A3F0782D0680AC1202
:107AB000AD0A9008F5E0FF75F002A424CBF582E54D
:107AC000F03403F583E0FCA3E0FD24BAF5827400F2
:107AD0003CF583E4939008F6F074E62DF582740487
:107AE0003CF583E4939008F7F075F002EFA424CB03
:107AF000F582E5F03403F583E0FEA3E02412F5827D
:107B000074093EF583E4939008F8F0C374179FFF5F
:107B1000E49400FEEF25E0FFEE33FE74CB2FF582F8
:107B200074033EF583E0FCA3E0FD24BAF582740003
:107B30003CF583E4939008F9F074E62DF582740423
:107B40003CF583E4939008FAF074CB2FF58274032C
:107B50003EF583E0FEA3E02412F58274093EF5832E
:107B6000E4939008FBF0E4782DF6782DE6FF75F0AD
:107B700017A4FE9008F5E02E08F6EFC394035026F4
:107B8000A3E0FFE6FE2420F582E43406F583EFF05F
:107B90009008F7E0FF748B2EF582E43405F583EF4F
:107BA000F09008F880289008F9E0FF782EE6FE248F
:107BB00020F582E43406F583EFF09008FAE0FF74D4
:107BC0008B2EF582E43405F583EFF09008FBE0FF9F
:107BD00074F62EF582E43404F583EFF0782D06E692
:107BE00064067086220000010203040506070809E6
:107BF000FFFFFFFFFFFFFFFFFFFF00000405060779
:107C000008090A0B0C0D0E0AFFFFFFFFFFFFFFFF25
:107C1000FF04050708090A0B0C0D0E0C0D0E0BFFD7
:107C2000FFFFFFFFFFFFFFFF0708FFFFFFFFFFFF53
:107C3000FF0B0E0D0C0E0D0C0B0A0908070605FFB5
:107C4000FFFFFFFFFFFFFFFF0A0E0D0C0B0A0908E5
:107C5000070605040303FFFFFFFFFFFFFFFFFFFF12
:107C600009080706050403020100000000FFFFFFEA
:107C7000FFFFFFFFFFFFFFFFFFFFFFFFFFFFFFFF14
:107C8000FFFFFFFFFFFFFFFFFFFFFFFFFFFF0102FF
:107C90000304FFFFFFFFFFFFFFFFFFFFFFFFFFFFEB
:107CA000FFFFFFFF00FFFFFF05FFFFFFFFFFFFFFDD
:107CB000FFFFFFFFFFFFFFFFFFFFFF05FFFF00FFCD
:107CC000FFFFFFFFFFFFFFFFFFFFFFFFFFFFFFFFC4
:107CD000FFFF04030201FFFFFFFFFFFFFFFFFFFFA6
:107CE000FFFFFFFFFFFFFFFFFFFFFFFFFFFFFFFFA4
:107CF000FFFFFFFFFFFFFFFFFF0D0C0B0A09080747
:107D000006050405060708090A0B0C0D0E0F0F0ED9
:107D10000B0A090807060504030203040506070801
:107D2000090A0B0C0D0D0C080706050403020201DD
:107D300000010202030405060708090A0A090807E8
:107D400006050403020201000102020304050607FE
:107D500008090A0A090B0A090807060504030203B1
:107D60000405060708090A0B0C0D0D0C0D0C0B0A77
:107D700009080706050405060708090A0B0C0D0E7D
:107D80000F0F0EE47831F6E4782FF6782FE6FFC374
:107D900094174003027EAA7831E6FE75F017A42FEF
:107DA00018F675F002A424CBF582E5F03403F583D0
:107DB000E0FCA3E04C6003027EA4E6FF248AF58287
:107DC000E43400F583E0705C749C2FF582E43402A7
:107DD000F583E090005693FD74F62FF582E43401AC
:107DE000F583EDF0E6FF249CF582E43402F583E0B0
:107DF0002428F0749C2FF582E43402F583E0C394C8
:107E0000C85003027EA4E6FF249CF582E43402F508
:107E10008374C8F0748A2FF582E43400F58374010A
:107E2000F0027EA47830E6FF249CF582E43402F56B
:107E300083E024F6F0749C2FF582E43402F583E0AD
:107E400090005693FFE6FD24F6F582E43401F583B5
:107E5000EFF0749C2DF582E43402F583E0C3940FB7
:107E60005042E6FF249CF582E43402F583E4F0748A
:107E70008A2FF582E43400F583E4F075F002EFA474
:107E800024CBF582E5F03403F583E4F0A374FFF02E
:107E9000EEB4051018E62456F582E43409F583E4BF
:107EA000F01258C9782F06027D8B783106E6C3940C
:107EB000065003027D87785A06E6D39409404AE4C7
:107EC000F67830F67830E6FFC3948A503C75F002BD
:107ED000EFA424CBF582E5F03403F583E0FEA3E0C4
:107EE000FFD39400EE9400401BEFF44E6016E6754D
:107EF000F002A424CBF582E5F03403F58374FFF59A
:107F0000F01280F278300680BB229008F5EFF0790D
:107F100057E7D3781B96500302801FE47857F690FA
:107F20000988E014602A147003027FD624026003DB
:107F300002801F12667FD3900434E094C89004330B
:107F4000E09400500302801F9009887401027FD0E2
:107F5000126A8E786AE6704A08E6C39402500302F9
:107F6000801FD390046AE094C8900469E0940050A4
:107F70000302801F900437E4F0A304F0A3E4F0A30D
:107F80007402F0A3E4F0A37403F0900467E4F0A398
:107F900004F0900465E4F0A37402F01806786C060F
:107FA000807DD390043CE094C890043BE094004072
:107FB0006E302B05E4786C8007786CE6B40307E438
:107FC000F6129A308059E4786AF608F69009880427
:107FD000F012AF338049786C06E6D3941E404076A9
:107FE0001E1271C6D39004DAE094C89004D9E094CC
:107FF00000402C302B21C22B90E406E493785CF6F1
:10800000E6FF129DEB7869E6C394135005129D5567
:10801000800D12A0BF8008E4900988F012A515E435
:10802000782DF6782DE6FFC39406505EEF75F017B5
:10803000A4FF9008F5E02F08F6E6FF24F6F582E4A9
:108040003401F583E0D394004014785CE6B407056E
:108050001288058030782EE6FF129E7F8027782ECA
:10806000E6FF2420F582E43406F583E4F0748B2FD8
:10807000F582E43405F583E4F074F62FF582E434F8
:1080800004F583E4F0782D06809922EF8DF0A4A802
:10809000F0CF8CF0A428CE8DF0A42EFE22BC000BD5
:1080A000BE0029EF8DF084FFADF022E4CCF875F02E
:1080B00008EF2FFFEE33FEEC33FCEE9DEC9840050D
:1080C000FCEE9DFE0FD5F0E9E4CEFD22EDF8F5F0D3
:1080D000EE8420D21CFEADF075F008EF2FFFED33DB
:1080E000FD4007985006D5F0F222C398FD0FD5F059
:1080F000EA22C5F0F8A3E028F0C5F0F8E582158281
:1081000070021583E038F022A3F8E0C5F025F0F006
:10811000E582158270021583E0C838F0E822EB9FF3
:10812000F5F0EA9E42F0E99D42F0EC6480C864807C
:108130009845F022EB9FF5F0EA9E42F0E99D42F06F
:10814000E89C45F022E8600FECC313FCED13FDEE54
:1081500013FEEF13FFD8F122E8600FEFC333FFEEF9
:1081600033FEED33FDEC33FCD8F122E6FC08E6FDEE
:1081700008E6FE08E6FF22E493FC740193FD740216
:1081800093FE740393FF22ECF608EDF608EEF60872
:10819000EFF622ECF0A3EDF0A3EEF0A3EFF022A8AF
:1081A000828583F0D083D0821281B61281B612818B
:1081B000B61281B6E473E493A3C583C5F0C583C842
:1081C000C582C8F0A3C583C5F0C583C8C582C822CF
:1081D0008A838982E473E0FCA3E0FDA3E0FEA3E0D0
:1081E000FF22E4FBEB90A6AA93FFC374249FFFE455
:1081F0009400FE7C037DBA12808B7C007D2212806D
:108200009D75F002EBA424CBF582E5F03403F583F1
:10821000EEF0A3EFF0EB90A6C193FFC374249FFF91
:10822000E49400FE7C037DBA12808B7C007D2212D8
:10823000809DAC06AD07EB25E0FFE433FE74F92F1B
:10824000F58274033EF583ECF0A3EDF0EB90A6D835
:1082500093FFC374249FFFE49400FE7C037DBA1255
:10826000808B7C007D2212809DAC06AD07EB25E063
:10827000FFE433FE74272FF58274043EF583ECF09F
:10828000A3EDF0EB90A6EF93FFC374249FFFE4945B
:1082900000FE7C037DBA12808B7C007D2212809DC3
:1082A000AC06AD07EB25E0FFE433FE74552FF582F5
:1082B00074043EF583ECF0A3EDF0EB90A70693FF7A
:1082C000C374249FFFE49400FE7C037DBA12808B6C
:1082D0007C007D2212809DAC06AD07EB25E0FFE41B
:1082E00033FE74832FF58274043EF583ECF0A3ED26
:1082F000F0EB90A71D93FFC374249FFFE49400FE4E
:108300007C037DBA12808B7C007D2212809DAC069E
:10831000AD07EB25E0FFE433FE74B12FF582740462
:108320003EF583ECF0A3EDF00BEB641760030281E4
:10833000E422E59930E203028479302E03028411AD
:10834000900756E0D394064003028479200203028A
:108350008479C202C2AF9009367411F0A37420F080
:10836000900706E0B4AC02E4F0900708E0B4AC0279
:10837000E4F0900709E0B4AC02E4F090070AE0B43E
:10838000AC02E4F090070BE0B4AC02E4F090070C10
:10839000E0B4AC02E4F090070DE0B4AC02E4F0907D
:1083A0000706E0FF900936E0FCA3E0FDF5828C8330
:1083B000EFF08D828C83A3E4F0900708E08D828C2F
:1083C00083A3A3F0900709E08D828C83A3A3A3F07D
:1083D00090070AE0FFED2404F582E43CF583EFF01A
:1083E00090070BE0FFED2405F582E43CF583EFF008
:1083F00090070CE0FFED2406F582E43CF583EFF0F6
:1084000090070DE0FFED2407F582E43CF583EF8053
:108410005F301465C214C2AF9009367411F0A374B2
:1084200020F0900936E0FEA3E0FFF5828E83E4F0B1
:108430008F828E83A3F08F828E83A3A3F08F828E90
:1084400083A3A3A3F0EF2404F582E43EF583E4F0D4
:10845000EF2405F582E43EF583E4F0EF2406F5828F
:10846000E43EF583E4F0EF2407F582E43EF583E48F
:10847000F0759C08439904D2AF22C236E49008F903
:10848000F0E49008FAF09008FAE0FFC39417400374
:108490000285A99008F9E0FE75F017A4FDEF2D788C
:1084A00030F6EE75F017A42400F582E43400F5836D
:1084B000E5822FF582E43583F583E0D39400500301
:1084C0000285A0E6FF249CF582E43402F583E09067
:1084D000005693FE74F62FF582E43401F583EEF036
:1084E000E6248AF582E43400F583E07050E6FF2448
:1084F0009CF582E43402F583E02403F0749C2FF5AC
:1085000082E43402F583E0B4031112B79E7830E6BA
:108510002431F582E43403F583EFF07830E6FF246C
:108520009CF582E43402F583E0D394034072748AAC
:108530002FF582E43400F5837401F08063D236783D
:1085400030E6FF249CF582E43402F583E024FDF05C
:10855000749C2FF582E43402F583E0C39404504008
:10856000E6FF248AF582E43400F583E4F09008FA0B
:10857000E0FE9008F9E075F017A42400F582E434D9
:1085800000F583E5822EF582E43583F583E4F0740B
:10859000F62FF582E43401F583E4F090015B04F0FA
:1085A0009008FAE004F00284869008F9E004F0E014
:1085B000C394065003028481229008F5EFF07957A6
:1085C000E7D3781B964065E47857F612ACA812BB47
:1085D000DDE4782DF6782DE6FFC39417504B75F047
:1085E00002EFA424CBF582E5F03403F583E475F0C3
:1085F000021280F275F002EFA424CBF582E5F0348C
:1086000003F583E0FEA3E0D394FFEE9402401578D7
:108610002DE675F002A424CBF582E5F03403F58352
:10862000E4F0A3F0782D0680AC12AD0A9008F5E0D6
:10863000FF75F002A424CBF582E5F03403F583E066
:10864000FCA3E0FD24BAF58274003CF583E493FBBF
:108650009008F6E4F0A3EBF074E62DF58274043C88
:10866000F583E493FD9008F8E4F0A3EDF075F002D3
:10867000EFA424CBF582E5F03403F583E0FEA3E01C
:108680002412F58274093EF583E493FF9008FAE41E
:10869000F0A3EFF0E4782DF6782DE6FFC3940650B2
:1086A00046EF75F017A4FF9008F5E02F08F6A3A396
:1086B000E0FFE6FE2420F582E43406F583EFF09037
:1086C00008F8A3E0FF748B2EF582E43405F583EF00
:1086D000F09008FAA3E0FFE624F6F582E43404F50E
:1086E00083EFF0180680B12253E58043ED7F75E7F4
:1086F0000075EFFF53E67843EE8753E11F43E9E04F
:1087000053D1EF43D910EFB4170040030287FE9016
:108710008716F828287302875B02876302876B023B
:10872000877302877B02878202878902879002878C
:108730009702879E0287A50287AC0287B30287BA99
:108740000287C10287C80287CF0287D60287DD026F
:1087500087E40287EB0287F20287F943E502C2B1A0
:108760000287FE43E701C2C00287FE43E702C2C19F
:108770000287FE43E704C2C20287FE43E708C2C382
:10878000807C43E710C2C4807543E720C2C5806E79
:1087900043E740C2C6806743E780C2C7806043E6C4
:1087A00001C288805943E602C289805243E604C26E
:1087B0008A804B43E680C28F804443E501C2B0808B
:1087C0003D43E510C2B4803643E504C2B2802F4376
:1087D000E508C2B3802843E520C2B5802143E540C7
:1087E000C2B6801A43D110C2FC801343E120C28577
:1087F000800C43E140C286800543E180C2877F014F
:108800007E0002BD5A74312FF582E43403F583E013
:108810007830F6E6FE9003BA93FD745C2FF582E49F
:108820003401F583E0FCED8CF0A408F675F0648467
:10883000FDF674F62FF582E43401F583E0FCED8C4F
:10884000F0A4FDF674202FF582E43406F583EDF0F4
:10885000EE9007E693FE745C2FF582E43401F58315
:10886000E0FDEE8DF0A408F675F06484FEF674F673
:108870002FF582E43401F583E0FDEE8DF0A4FEF6E1
:10888000748B2FF582E43405F583EEF07830E690B2
:108890000C1293FE745C2FF582E43401F583E0FD45
:1088A000EE8DF0A47833F675F06484FEF674F62F3E
:1088B000F582E43401F583E0FDEE8DF0A4FEF6745C
:1088C000F62FF582E43404F583EEF07869E664105F
:1088D000704A74202FF582E43406F583E0C3941EB9
:1088E000503A748B2FF582E43405F583E0C3941E6F
:1088F000502A74F62FF582E43404F583E0C3941E05
:10890000501A74202FF582E43406F58374C8F0748D
:108910008B2FF582E43405F58374C8F02200010240
:10892000030405060708090A0B0C0D0E0F1011129F
:1089300013141516000102030405060708090A0BA3
:108940000C0D0E0F10111213141516000102030462
:1089500005060708090A0B0C0D0E0F10111213144F
:108960001516000102030405060708090A0B0C0D81
:108970000E0F101112131415160001020304050640
:108980000708090A0B0C0D0E0F10111213141516FF
:10899000000102030405060708090A0B0C0D0E0F5F
:1089A000101112131415161211100F0E0D0C0B0AC4
:1089B0000908070605040302010016151413121115
:1089C000100F0E0D0C0B0A0908070605040302011F
:1089D00000161514131211100F0E0D0C0B0A0908B6
:1089E0000706050403020100161514131211100FD7
:1089F0000E0D0C0B0A0908070605040302010016F8
:108A00001514131211100F0E0D0C0B0A090807068E
:108A1000050403020100161514131211100F0E0D98
:108A20000C0B0A09080706050403020100161514B9
:108A300013000102030405060708090A0B0C0D0EBA
:108A40000F1011121314151601020304050607086E
:108A5000090A0B0C0D0E0F10111213141516170224
:108A6000030405060708090A0B0C0D0E0F1011125E
:108A7000131415161718030405060708090A0B0C2A
:108A80000D0E0F10111213141516171819040506E0
:108A90000708090A0B0C0D0E0F10111213141516EE
:108AA0001718191A05060708090A0B0C0D0E0F10E6
:108AB0001112131415161718191A1B17161514135B
:108AC0001211100F0E0D0C0B0A09080706051B1AD0
:108AD0001918161514131211100F0E0D0C0B0A098C
:108AE00008070605041A1918171514131211100F88
:108AF0000E0D0C0B0A0908070605040319181716B2
:108B000014131211100F0E0D0C0B0A09080706059D
:108B100004030218171615131211100F0E0D0C0B6B
:108B20000A09080706050403020117161514121195
:108B3000100F0E0D0C0B0A090807060504030201AD
:108B400000161514139008F5EFF07957E7D3781B4A
:108B5000965003028BE9E47857F6782EF6E4782DE8
:108B6000F6782DE6FFC394065074EF75F017A4084D
:108B70002608F675F002A424CBF582E5F03403F55F
:108B800083E0FEA3E0D39400EE9400404CE6FF2483
:108B9000F6F582E43401F583E0C39401502EE6FE3D
:108BA00024F6F582E43401F583E4F075F002EEA4D6
:108BB00024CBF582E5F03403F583E4F0A3F07431BF
:108BC0002EF582E43403F583E4F0800D74F62FF57E
:108BD00082E43401F583E014F0782D068083782E4A
:108BE00006E664176003028B5DE4782DF6782DE6C7
:108BF000FFC39406505FEF75F017A4FF9008F5E0EF
:108C00002F782FF6E6FF24F6F582E43401F583E0B1
:108C1000D394004014785CE6B407051288058030D0
:108C2000782FE6FF129E7F8027782FE6FF2420F51D
:108C300082E43406F583E4F0748B2FF582E4340586
:108C4000F583E4F074F62FF582E43404F583E4F060
:108C5000782D06809822900924E592F0E0700302B6
:108C60008D0130E3525392F7D22130191C781D0642
:108C7000E618700106D3781DE694D018E6940740F4
:108C800008C219E4F608F6D21DE50B450A6008E5AE
:108C90000B150B7002150AC3E51594F4E514940145
:108CA000400C202203028D4CC22243A8012205154C
:108CB000E51570020514225392E753929F90092400
:108CC000E0FF30E70453927F22EF30E40302A62452
:108CD000900924E0FF30E2045392FB22EF30E106DA
:108CE0005392FD02C140900924E030E05F5392FEB0
:108CF0004391200000000000005391DF12C1138057
:108D000026900925E593F0E0FF604130E607539394
:108D1000BF439A0122EF30E5045393DF22EF30E4A2
:108D20000D5393EF123B565392AF43970122900994
:108D300025E0FF30E2045393FB22EF30E10453932C
:108D4000FD22EF30E0065393FE12BC5F229008F53F
:108D5000EFF0781BE62402FFE433FE7857E6D39F5A
:108D6000EE6480F87480984017E4FCAF04124FB4AE
:108D70000CECB405F6E47857F690015BF012847AB7
:108D8000E4782DF6782DE6FFC394064003028E3278
:108D9000EF75F017A4FF9008F5E02F782FF6E62482
:108DA000F6F582E43401F583E0605AE6FF2431F5FC
:108DB00082E43403F583E075F003A418F6E6FE9030
:108DC00003BA93FD9008F6F074202FF582E4340680
:108DD000F583EDF0EE9007E693FF9008F7F008E6D4
:108DE000FE248BF582E43405F583EFF018E6900C51
:108DF0001293FF9008F8F074F62EF582E43404F52F
:108E000083EFF08027782FE6FF2420F582E43406F4
:108E1000F583E4F0748B2FF582E43405F583E4F0F8
:108E200074F62FF582E43404F583E4F0782D06021D
:108E30008D84229008F9EFF012B79E90081EEFF093
:108E4000D394FA400374FBF090081EE0FF75F02AFB
:108E5000849008FAF0EF75F00F84E5F02405A3F094
:108E60009008FAE0FF90081DE06F705590081CE034
:108E700004F0700690081BE004F090081BE0FEA3CD
:108E8000E0FFE4FCFD7BFA7AFFF9F8C312811E5083
:108E900007E490081BF0A3F090081BE0FEA3E0FF9E
:108EA00012B7DC12B79E90081EEFF0D394FA40037D
:108EB00074FBF090081EE075F02A849008FAF080A8
:108EC0009F9008FAE075F017A4FF9008F9E02F785A
:108ED0002FF612B79E782FE6FE2431F582E4340394
:108EE000F583EFF09008FBE0FF741F2EF582E43469
:108EF00008F583EFF074312EF582E43403F583E056
:108F0000FD7FFF129F11782FE6245CF582E4340187
:108F1000F583EFF022E4FE74F62EF582E43401F5D9
:108F200083E4F0748A2EF582E43400F583E4F0746F
:108F30009C2EF582E43402F583E4F00EEEB48AD779
:108F4000E4FEE4FFEE75F017A42400F582E434009B
:108F5000F583E5822FF582E43583F583E4F00FEFA6
:108F6000B417E10EEEB406DAE4FEE4FFEE75F006A7
:108F7000A4243DF582E43401F583E5822FF582E4F3
:108F80003583F583E4F0EE75F006A4241FF582E442
:108F90003401F583E5822FF582E43583F583741679
:108FA000F00FEFB406C6748B2EF582E43402F5831D
:108FB000E4F074902EF582E43402F583E4F07497C3
:108FC0002EF582E43402F583E4F074F12EF582E4A8
:108FD0003401F5837405F074C62EF582E43403F58C
:108FE00083E4F00EEE64057081E4900295F0900148
:108FF0005BF0C23622E4782FF6782FE6FFC3948A1E
:10900000504E74F62FF582E43401F583E4F0EF90CE
:10901000891D93FFE6FD75F002A424CBF582E5F0EF
:109020003403F583E4F0A3EFF074312DF582E434DA
:1090300003F583E4F0748A2DF582E43400F583E4CB
:10904000F0749C2DF582E43402F583E4F00680A9E7
:1090500012B79E900331EFF0FD7FFF129F11900138
:109060005CEFF012B79E900344EFF0FD7FFF129F7C
:109070001190016FEFF012B79E900357EFF0FD7F54
:10908000FF129F11900182EFF012B79E90036AEFDA
:10909000F0FD7FFF129F11900195EFF012B79E90A7
:1090A000037DEFF0FD7FFF129F119001A8EFF012FA
:1090B000B79E900390EFF0FD7FFF129F119001BBD0
:1090C000EFF0E4900984F0A3F0785AF6785CE6FFBC
:1090D000029DEBE49008E3F09008E3E0FFC3940600
:1090E00040030291AFEF25E025E024AAF582E434A5
:1090F00007F583E0F8A3E0F9A3E0FAA3E0FBEF258E
:10910000E025E024C7F582E43408F583E0FCA3E021
:10911000FDA3E0FEA3E0FFC312813470030291A619
:109120009008E3E0FF25E025E024AAF582E4340777
:10913000F583E0F8A3E0F9A3E0FAA3E0FBEF25E074
:1091400025E024C7F582E43408F583E0FCA3E0FDC4
:10915000A3E0FEA3E06BFFEE6AFEED69FDEC68FCA8
:109160007827128187782712816B9008E512819306
:109170009008E3E0FF1218879008E3E0FB25E02564
:10918000E024C7F582E43408F583E0FCA3E0FDA306
:10919000E0FEA3E0FFEB25E025E024AAF582E4341D
:1091A00007F5831281939008E3E004F00290D8223F
:1091B000E49008F8F0E49008F7F09008F7E0FFC3B7
:1091C0009417400302927BA3E075F017A4FEEF2EE4
:1091D000782EF6E6FD248AF582E43400F583E0700B
:1091E00046E6FF24F6F582E43401F583E004F074EA
:1091F0001F2FF582E43408F583E075F005A4FF74B1
:10920000F62DF582E43401F583E0C39FE5F0648038
:10921000F87480984021782EE6248AF582E43400A0
:10922000F5837401F08010782EE624F6F582E4349C
:1092300001F583E024FEF0782EE624F6F582E4348E
:1092400001F583E0C394055029E6FF248AF582E402
:109250003400F583E4F074312FF582E43403F583B0
:10926000E4F09008F8E090081DF09008F7E0FF1295
:109270008E339008F7E004F00291BA9008F8E00409
:10928000F0E0C3940650030291B5229007C5E0FFB9
:1092900064FE6003029333F0900936741130003697
:1092A000F0A37480F0900936E0FCA3E0FDF5828C19
:1092B00083740DF08D828C83A37405F0786DE6FEC7
:1092C000900936E0FCA3E0FDF5828C83A3A3EEF0C9
:1092D0009007A8E08022F0A37480F0900936E0FCAB
:1092E000A3E0FDF5828C83740DF08D828C83A3E462
:1092F000F08D828C83A3A3F08D828C83A3A3A3F033
:10930000ED2404F582E43CF583E4F0ED2405F582D8
:10931000E43CF583E4F0ED2406F582E43CF583E4D7
:10932000F0ED2407F582E43CF583E4F0759D0843F5
:109330009A0422EF54F0FFBFE00D9007C8E06404E8
:109340006005D20202BC9D9007C8E024FC600B249B
:10935000F5600C240F700D025B32D20302C069D29B
:109360000412B7EB22E4782DF6782DE6FFC3948A39
:10937000504E74F62FF582E43401F583E4F0EF905B
:1093800089A793FFE6FD75F002A424CBF582E5F0F2
:109390003403F583E4F0A3EFF074312DF582E43467
:1093A00003F583E4F0748A2DF582E43400F583E458
:1093B000F0749C2DF582E43402F583E4F00680A974
:1093C00012B79E900343EFF0FD7FFF129F119001B3
:1093D0006EEFF012B79E900356EFF0FD7FFF129FE5
:1093E00011900181EFF012B79E900369EFF0FD7FBD
:1093F000FF129F11900194EFF012B79E90037CEF43
:10940000F0FD7FFF129F119001A7EFF012B79E9021
:10941000038FEFF0FD7FFF129F119001BAEFF01262
:10942000B79E9003A2EFF0FD7FFF129F119001CD38
:10943000EFF09009847401F0E4A3F0785AF62278F2
:1094400069E6640F6003029517EF75F017A42D7895
:109450002CF6300062E624F6F582E43401F583E070
:10946000703112B79E782CE6FE2431F582E4340385
:10947000F583EFF074312EF582E43403F583E0FDDB
:109480007FFF129F11782CE6245CF582E43401F50D
:1094900083EFF0782CE6FF24F6F582E43401F583BF
:1094A0007464F075F002EFA424CBF582E5F0340388
:1094B000F583E4F0A3F022785AE664AA703512B777
:1094C0009E782CE6FE2431F582E43403F583EFF038
:1094D00074312EF582E43403F583E0FD7FFF129FA3
:1094E00011782CE6245CF582E43401F583EFF0E496
:1094F000785AF6782CE6FF24F6F582E43401F583F9
:109500007464F075F002EFA424CBF582E5F0340327
:10951000F583E4F0A304F022C2AFE4F5B1C22090D9
:10952000091BF0C22312BBDD90FF947410F0C2FF40
:10953000A3F0D2B753A8FE43E57F43ED7F75E7FF65
:1095400075EFFF43E68743EE8743E1E043E9E043FD
:10955000D11043D91053B08075C000538878538020
:109560001F53F8EF301E0AC23443A80275BAF380C5
:109570000653A8FDE4F5BA43910153B2FB53BCFE78
:1095800053BCFD75949543A901D2AF758E554387A1
:1095900002E4F5B1F5B10000000000C2AF53A8FD30
:1095A000F5BA43B20843BC027F14FE12BD5AE4F57B
:1095B000B175BC0375B20C303411C2345391FE4303
:1095C00091027F887E1312BD5A80035391FE7594D9
:1095D0005F12AC4143A801D2AF229008F5EFF079B9
:1095E00057E7D3781B964045E47857F6900986E014
:1095F000146020047037127009D39004AEE094C850
:109600009004ADE0940040259009867401F012AA00
:1096100086801A127009D39003CCE094C89003CBD3
:10962000E094004008E4900986F012AB67E4782DDE
:10963000F6782DE6FFC39406505EEF75F017A4FF91
:109640009008F5E02F08F6E6FF24F6F582E43401F1
:10965000F583E0D394004014785CE6B407051288E3
:10966000058030782EE6FF129E7F8027782EE6FF59
:109670002420F582E43406F583E4F0748B2FF58220
:10968000E43405F583E4F074F62FF582E43404F550
:1096900083E4F0782D06809922129CBDC205E490E7
:1096A00008F5F09008F5E0FFC394065044EF25E07C
:1096B00025E024AEF582E43408F583E0F8A3E0F970
:1096C000A3E0FAA3E0FBEF25E025E024C7F582E460
:1096D0003408F583E0FCA3E0FDA3E0FEA3E0FFC3B4
:1096E0001281346004D20580089008F5E004F0800F
:1096F000B2300507E49008C6F0800F9008C6E00479
:10970000F0E0D394C8400374C8F0E49008F5F090FA
:1097100008F5E0FBC394065032EB25E025E024C7B2
:10972000F582E43408F583E0FCA3E0FDA3E0FEA3AA
:10973000E0FFEB25E025E024AEF582E43408F58374
:109740001281939008F5E004F080C49008C6E0B45C
:109750000102D20122E49008FAF09008FAE0FFC377
:10976000948A504D74F62FF582E43401F583E4F0C9
:1097700075F002EFA424CBF582E5F03403F583E421
:10978000F0A374FFF074312FF582E43403F583E421
:10979000F0748A2FF582E43400F583E4F0749C2F92
:1097A000F582E43402F583E4F09008FAE004F080F6
:1097B000A9E4785AF6AFCCFE12B7DCE49008FAF0D0
:1097C0009008FAE0FFC39417501474562FF582E402
:1097D0003409F583E4F09008FAE004F080E2E490C4
:1097E00008FAF09008FAE0FFC3940C5021EF25E04E
:1097F000FF1256419008FAE025E02456F582E43441
:1098000009F5837401F09008FAE004F080D522EFA6
:1098100075F017A42D782FF6E6FE75F002A424CB80
:10982000F582E5F03403F583E0FCA3E0243EF58205
:10983000740D3CF583E493FD74302FF8A60575F0A4
:1098400002EEA424CBF582E5F03403F583E0FCA31B
:10985000E02401F58274113CF583E493FE74362F05
:10986000F8A606782FE6FE75F002A424CBF582E573
:10987000F03403F583E0FCA3E024C4F58274143CC7
:10988000F583E493FD743C2FF8A605743C2FF8E6AD
:10989000FD74F62EF582E43404F583EDF074302F78
:1098A000F8E6FE782FE6FD2420F582E43406F58301
:1098B000EEF074362FF8E6FF748B2DF582E4340554
:1098C000F583EFF0229008F5EFF0E47857F6785C36
:1098D000E664077044782DF6782DE6FFC3940650B1
:1098E00016EF75F017A4FF9008F5E02FFF08F612A9
:1098F0008805782D0680E19003CCE004F070069096
:1099000003CBE004F0C39003CCE094FF9003CBE0E2
:1099100094024066E4F0A3F022785FE69008F6F047
:1099200018E6A3F018E6A3F0E4782DF6782DE6FF0C
:10993000C394065045EF75F017A4FF9008F5E02F8B
:1099400008F69008F8E0FFE6FE2420F582E43406ED
:10995000F583EFF09008F7E0FF748B2EF582E43486
:1099600005F583EFF09008F6E0FF74F62EF582E43B
:109970003404F583EFF0180680B222900910E0FF5E
:10998000701FA3E064027019A3E07015A3E07011CA
:10999000A3E0B4010CA3E070089009357404029AA6
:1099A00024EF7022900911E06402701AA3E06401B0
:1099B0007014A3E07010A3E0B4010BA3E070079053
:1099C00009357406805E900910E0B40511A3E0B477
:1099D000030CA3E0B401079009357409804690098F
:1099E00010E0FFB40A11A3E0B4030CA3E0B4010734
:1099F000900935740A802DEFB40B13900911E0B46F
:109A0000030CA3E0B40107900935740B801690098C
:109A100010E0B40C17A3E0B40312A3E0B4010D905E
:109A20000935740CF05392AF4397012212C1CF2233
:109A3000E4FFEF907CF993FD75F002EFA424CBF5E1
:109A400082E5F03403F583E4F0A3EDF0748A2FF59A
:109A500082E43400F583E4F0749C2FF582E4340250
:109A6000F583E4F074F62FF582E43401F583E4F035
:109A70000FEFB48ABD12B79E900366EFF0FD7FFF33
:109A8000129F11900191EFF012B79E900367EFF0D3
:109A9000FD7FFF129F11900192EFF012B79E90038D
:109AA00068EFF0FD7FFF129F11900193EFF012B766
:109AB0009E90037EEFF0FD7FFF129F119001A9EFB2
:109AC000F012B79E90037FEFF0FD7FFF129F119081
:109AD00001AAEFF09009887402F0E4A3F0785AF636
:109AE000786CF62290090EE0541F64026003029B1A
:109AF00081539BF0439B02900912E0FFB4803190A8
:109B000009367411F0A37408F0E5975402C313FEEC
:109B1000900936E475F00112810885F082F583EE34
:109B2000F0900936E0FCA3E0F5828C83E4F0804DF0
:109B3000EFB4810E9009367411F0A37408F05599B2
:109B40008013900912E0B482329009367411F0A3A8
:109B50007408F0559A131313541FFF900936E475D7
:109B6000F00112810885F082F583EFF0900936E06C
:109B7000FEA3E0F5828E83E4F08002800443970424
:109B80002212C1CF22E4FF74F62FF582E43401F5EE
:109B900083E4F0EF90A40293FD75F002EFA424CBD0
:109BA000F582E5F03403F583E4F0A3EDF074312F92
:109BB000F582E43403F583E4F0748A2FF582E4340B
:109BC00000F583E4F0749C2FF582E43402F583E41D
:109BD000F00FEFB48AB17F1790093FE4F0A3DFFCE8
:109BE00012B79E900331EFF0FD7FFF129F1190019D
:109BF0005CEFF012B79E90033BEFF0FD7FFF129FEA
:109C000011900166EFF012B79E900345EFF0FD7FD3
:109C1000FF129F11900170EFF0E4785AF6785CE63D
:109C2000FF029DEB9008F5EFF07957E7D3781B968C
:109C3000406BE47857F612ACA812BBDDE49008F64E
:109C4000F09008F6E0FFC3948A504F75F002EFA43D
:109C500024CBF582E5F03403F583E475F00312803C
:109C6000F275F002EFA424CBF582E5F03403F5831E
:109C7000E0FEA3E0D394BAEE940340169008F6E019
:109C800075F002A424CBF582E5F03403F583E4F00B
:109C9000A3F09008F6E004F080A712AD0AE4900863
:109CA000F6F09008F6E0FFC3940650109008F5E037
:109CB000FD12980F9008F6E004F080E62212B1F24F
:109CC000E4782DF6782DE6FFC3941750691286E8E4
:109CD000E4782EF6782EE6FFC39406505412BE2A7E
:109CE000E43308F66046E47F01FEFDFC782DE6F9DA
:109CF000F8128158782EE625E025E024C7F582E4A5
:109D00003408F583E0F8A3E0F9A3E0FAA3E04FFFFD
:109D1000EA4EFEE94DFDE84CFC782EE625E025E014
:109D200024C7F582E43408F583128193782E0680E7
:109D3000A3782D06808E43E57F43ED7F75E7FF75A1
:109D4000EFFF43E68743EE8743E1E043E9E043D199
:109D50001043D91022E4900970F012BBDD7869E657
:109D6000B413004003029DEA909D6FF82828730207
:109D70009DB1029DBD029DAB029DDB029DD8029D5F
:109D8000AE029DD2029DDE029DB4029DCF029DA82F
:109D9000029DE4029DE1029DEA029DCC029DBA0271
:109DA0009DB7029DE7029DD502A9A2028FF5026C24
:109DB0007502ADCC028F1502AD6C02BA8090FF9592
:109DC0007418F090FFB57401F002C12A02A8AF0226
:109DD00081E202BB9A02A2EE02ABD602BD1802AB30
:109DE0006702A1D9029B8512975522EFB408004063
:109DF00003029E7E909DFBF8282873029E13029E0C
:109E00001C029E25029E2B029E37029E43029E4FFD
:109E1000029E60785D76FFE408F68017E4785DF6D0
:109E20000876FF800EE4785DF68011785D76FF0895
:109E300076FFE408F68039785D76FFE408F6087668
:109E4000FF802DE4785DF60876FF0876FF802178A4
:109E50005D76C80876FF0876FF9004F57401F0225D
:109E60007869E6B41010785D76FFE408F60876FFAE
:109E70009004F504F022E4785DF608F608F62290E6
:109E800004F5E0FE785DE68EF0A47830F675F064B7
:109E900084FDF674F62FF582E43401F583E0FCEDE1
:109EA0008CF0A4FDF674202FF582E43406F583EDE2
:109EB000F0785EE68EF0A47831F675F06484FEF6F4
:109EC00074F62FF582E43401F583E0FDEE8DF0A405
:109ED000FEF6748B2FF582E43405F583EEF09004E2
:109EE000F5E0FE785FE68EF0A47832F675F06484D3
:109EF000FEF674F62FF582E43401F583E0FDEE8D75
:109F0000F0A4FEF674F62FF582E43404F583EEF047
:109F100022ED9003BA939008FDF0ED9007E6939040
:109F200008FEF0ED900C12939008FFF09008FDE011
:109F3000C3940450037404F09008FEE0C3940450EA
:109F4000037404F09008FFE0C3940450037404F019
:109F50009008FDE0FDEF8DF084900900F09008FE80
:109F6000E0FDEF8DF084900901F09008FFE0FDEF37
:109F70008DF084900902F0900901E0FF900900E063
:109F8000FDC39F5007AE05EFF0A3EEF0900902E08D
:109F9000FF900901E0FDD39F4004AE078002AE05AB
:109FA000AF06229008F5EFF07957E7D3781B96407B
:109FB00065E47857F612ACA812BBDDE4782DF6788C
:109FC0002DE6FFC3948A504B75F002EFA424CBF525
:109FD00082E5F03403F583E475F0031280F275F046
:109FE00002EFA424CBF582E5F03403F583E0FEA371
:109FF000E0D394BAEE94034015782DE675F002A4F0
:10A0000024CBF582E5F03403F583E4F0A3F0782D5A
:10A010000680AC12AD0AE4782EF6782EE6FFC394E3
:10A0200006500D9008F5E0FD12980F782E0680EA94
:10A03000229008F5EFF07957E7D3781B964065E456
:10A040007857F612ACA812BBDDE4782DF6782DE631
:10A05000FFC3948A504B75F002EFA424CBF582E540
:10A06000F03403F583E475F0021280F275F002EF2C
:10A07000A424CBF582E5F03403F583E0FEA3E0D31E
:10A0800094BAEE94034015782DE675F002A424CB23
:10A09000F582E5F03403F583E4F0A3F0782D068033
:10A0A000AC12AD0AE4782EF6782EE6FFC394065083
:10A0B0000D9008F5E0FD12980F782E0680EA2278C0
:10A0C00069E6FDB413067ED87F008030EDB420062B
:10A0D0007EEC7F008026EDB421067EE67F00801CAA
:10A0E000EDB422067EE87F008012EDB423067EEAFE
:10A0F0007F008008EDB424047EDA7F00E4FD8F82C7
:10A100008E83E493FC74F62DF582E43404F583EC3D
:10A11000F00FBF00010E8F828E83E493FC748B2DB1
:10A12000F582E43405F583ECF00FBF00010E8F8259
:10A130008E83E493FC74202DF582E43406F583ECE1
:10A14000F00FBF00010E0DEDB48AB3229008F5EFB9
:10A15000F07957E7D3781B96406412ACA812BBDDA8
:10A16000E47857F6782DF6782DE6FFC3948A504BA5
:10A1700075F002EFA424CBF582E5F03403F583E417
:10A1800075F0011280F275F002EFA424CBF582E5A0
:10A19000F03403F583E0FEA3E0D394BAEE940340D9
:10A1A00015782DE675F002A424CBF582E5F0340392
:10A1B000F583E4F0A3F0782D0680AC12AD0AE478C4
:10A1C0002EF6782EE6FFC39406500D9008F5E0FDBC
:10A1D00012980F782E0680EA22E4FF74F62FF5829B
:10A1E000E43401F583E4F0EF907BE593FD75F00234
:10A1F000EFA424CBF582E5F03403F583E4F0A3ED7E
:10A20000F074312FF582E43403F583E4F0748A2F7F
:10A21000F582E43400F583E4F0749C2FF582E43495
:10A2200002F583E4F00FEFB48AB112B79E900331C8
:10A23000EFF0FD7FFF129F1190015CEFF012B79ECF
:10A240009003BAEFF0FD7FFF129F119001E5EFF050
:10A25000E4786BF6900988F0A3F0785AF6786AF6FD
:10A26000786CF622000102030405060708090A0BB0
:10A270000C0D0E0F10111213141516C82C2D2E2FA5
:10A28000303132333435363738393A3B3C13464770
:10A290004817C82B505152535455565758595A5B6A
:10A2A0005C5D5E3D1471724918C82A4F6C6B6A6917
:10A2B0006867666564636261605F3E1574734A191E
:10A2C000C8294E4D4C4B4A494847464544434241B4
:10A2D000403F164D4C4B1AC82827262524232221FF
:10A2E000201F1E1D1C1B1A1918171E1D1C1BE4FB0A
:10A2F000EBFFC374179FFFE49400FE7C037DBA124A
:10A30000808B7C007D1712809DAC06AD07EB25E0AD
:10A31000FFE433FE74B12FF58274043EF583ECF054
:10A32000A3EDF074832FF58274043EF583ECF0A363
:10A33000EDF074552FF58274043EF583ECF0A3ED37
:10A34000F074272FF58274043EF583ECF0A3EDF052
:10A3500074F92FF58274033EF583ECF0A3EDF074ED
:10A36000CB2FF58274033EF583ECF0A3EDF00BEBFD
:10A370006417600302A2F0220202010A090807061C
:10A38000050403030405060708090A010203030183
:10A39000010A09080706050403020203040506076B
:10A3A00008090A0102020A0A09080706050403024D
:10A3B0000A02030405060708090A0102020A0A093B
:10A3C000080706050403020203030405070708093A
:10A3D0000A01020201010A09080706050403030332
:10A3E0000405060608090A010203030202010A091C
:10A3F0000807060504040405060708090A01020304
:10A400000404070706050403020100010203040512
:10A4100006060708090A0B0C0D08080706050403C1
:10A4200002010203040506070708090A0B0C0D0EBA
:10A4300009090807060504030203040506070808BE
:10A44000090A0B0C0D0E0F0A0A090807060504037A
:10A45000040506070809090A0B0C0D0E0F100B0B5B
:10A460000A09080706050405060708090A0A0B0C6D
:10A470000D0E0F10110C0C0B0A0908070605060734
:10A4800008090A0B0B0C0D0E0F101112900922E097
:10A49000FEA3E0FF4E700C9009357402F0539BF060
:10A4A00002A511D3EF9408EE94004025900935746D
:10A4B00001F0900923E024F8F0900922E034FF1223
:10A4C000B19E900929E02408F0900928E03400802A
:10A4D00019900922E07004A3E06408900935701314
:10A4E0000412B19EE4900922F0A3F0539BF0439B29
:10A4F00008801E7402F0900928E0FEA3E0FF900996
:10A5000022A3E0FD12B1A9539BF0900922A3E042DF
:10A510009B5393FE22E4FF74F62FF582E43401F599
:10A5200083E4F0EF907BE593FD75F002EFA424CB7C
:10A53000F582E5F03403F583E4F0A3EDF074312FF8
:10A54000F582E43403F583E4F0748A2FF582E43471
:10A5500000F583E4F0749C2FF582E43402F583E483
:10A56000F00FEFB48AB112B79E900331EFF0FD7F88
:10A57000FF129F1190015CEFF012B79E9003A2EFC3
:10A58000F0FD7FFF129F119001CDEFF0E4786BF6A4
:10A59000900988F0A3F0785AF6786CF6229008F5C6
:10A5A000EFF07957E7D3781B964007E47857F61217
:10A5B00091B0E49008F6F09008F6E0FFC3940650DE
:10A5C00062EF75F017A4FF9008F5E02F782DF6E6FE
:10A5D000FF24F6F582E43401F583E0D394004014BF
:10A5E000785CE6B407051288058030782DE6FF1206
:10A5F0009E7F8027782DE6FF2420F582E43406F53F
:10A6000083E4F0748B2FF582E43405F583E4F07471
:10A61000F62FF582E43404F583E4F09008F6E004C4
:10A62000F0809422900903745FF0A3748DF012A758
:10A630002EE490092AF0900903E0FEA3E0FFF582E2
:10A640008E83E493FD90090EE0FCEDB504258F8226
:10A650008E83740193FF90090FE0FEEFB50614900E
:10A660000903E0FEA3E0F5828E8374029390092A29
:10A67000F0801B900904E02403F0900903E034000B
:10A68000F0C3A3E094CC900903E0945F40A8900944
:10A690002AE075F003A4244EF582E4345FF5837458
:10A6A0000193FA740293F90281D00D0D0D0C0B0A7F
:10A6B000090807060504030201000000111111102A
:10A6C0000D0D0D0C0B0A0908070605040302010015
:10A6D0000000111111100D0D0D0C0B0A09080706D1
:10A6E0000504030201000000111111100E0E0E0FDF
:10A6F000101112131415161718191A1B1B1B1212FE
:10A7000012130E0E0E0F101112131415161718191E
:10A710001A1B1B1B121212130E0E0E0F1011121306
:10A720001415161718191A1B1B1B12121213900955
:10A73000367411F0A3E4F0900936E0FEA3E0FFF5D3
:10A74000828E83E090090EF08F828E83A3E09009C1
:10A750000FF0900936A3E0F5828E83A3A3E0900961
:10A7600010F08F828E83A3A3A3E0900911F09009CB
:10A7700036A3E02404F582E43EF583E0900912F06C
:10A78000EF2405F582E43EF583E0900913F090098B
:10A7900036A3E02406F582E43EF583E0900914F048
:10A7A000EF2407F582E43EF583E0900915F022904E
:10A7B00008F5EFF07957E7D3781B964007E4785710
:10A7C000F6127D83E4782DF6782DE6FFC3940650CB
:10A7D0005EEF75F017A4FF9008F5E02F08F6E6FF8E
:10A7E00024F6F582E43401F583E0D3940040147834
:10A7F0005CE6B407051288058030782EE6FF129ECD
:10A800007F8027782EE6FF2420F582E43406F58346
:10A81000E4F0748B2FF582E43405F583E4F074F6EC
:10A820002FF582E43404F583E4F0782D0680992234
:10A830009008FBEFF012B79E90081EEFF0D394FA49
:10A84000400374FBF090081EE0FF75F02A84FEEFD1
:10A8500075F00F84E5F024059008FCF0AF06EF7565
:10A86000F017A4FF9008FBE02F782FF612B79E7820
:10A870002FE6FE2431F582E43403F583EFF09008EF
:10A88000FCE0FF741F2EF582E43408F583EFF074CA
:10A89000312EF582E43403F583E0FD7FFF129F1132
:10A8A000782FE6245CF582E43401F583EFF022E4AE
:10A8B0009008FAF09008FAE0FFC3948A503874F6D2
:10A8C0002FF582E43401F583E4F074312FF582E44E
:10A8D0003403F583E4F0748A2FF582E43400F583C1
:10A8E000E4F0741F2FF582E43408F583E4F0900857
:10A8F000FAE004F080BEE4785AF690081EF0900862
:10A900001BF0A3F0A3F0AFCCFE12B7DCE49008FA82
:10A91000F09008FAE0FFC39417501112A830900885
:10A920001DE004F09008FAE004F080E5229008F5BC
:10A93000EFF0E4A3F09008F6E0FFC394065062EF56
:10A9400075F017A4FF9008F5E02F782DF6E6FF24A8
:10A95000F6F582E43401F583E0D394004014785C8A
:10A96000E6B407051288058030782DE6FF129E7F39
:10A970008027782DE6FF2420F582E43406F583E471
:10A98000F0748B2FF582E43405F583E4F074F62F30
:10A99000F582E43404F583E4F09008F6E004F080F6
:10A9A0009422E4FF74F62FF582E43401F583E4F099
:10A9B000EF90A26493FD75F002EFA424CBF582E53D
:10A9C000F03403F583E4F0A3EDF074312FF582E465
:10A9D0003403F583E4F0749C2FF582E43402F583AC
:10A9E000E4F0748A2FF582E43400F583E4F00FEF8D
:10A9F000B48AB112B79E900331EFF0FD7FFF129F32
:10AA00001190015CEFF0785CE6FF129DEBE4785763
:10AA1000F6785AF6229008F5EFF0E4782DF6782DC6
:10AA2000E6FFC39406505EEF75F017A4FF9008F59B
:10AA3000E02F08F6E6FF24F6F582E43401F583E022
:10AA4000D394004014785CE6B40705128805803082
:10AA5000782EE6FF129E7F8027782EE6FF2420F5D1
:10AA600082E43406F583E4F0748B2FF582E4340538
:10AA7000F583E4F074F62FF582E43404F583E4F012
:10AA8000782D06809922E4FF74F62FF582E43401D4
:10AA9000F583E4F0EF908ABB93FD75F002EFA424F8
:10AAA000CBF582E5F03403F583E4F0A3EDF07431E7
:10AAB0002FF582E43403F583E4F0748A2FF582E401
:10AAC0003400F583E4F0749C2FF582E43402F583BE
:10AAD000E4F00FEFB48AB112B79E9003A2EFF0FD3D
:10AAE0007FFF129F119001CDEFF09009867401F065
:10AAF000E4A3F0785AF622781BE62402FFE433FE42
:10AB00007857E6D39FEE6480F87480984058E478D4
:10AB100057F612ACA812BBDDE4FF75F002EFA424D7
:10AB2000CBF582E5F03403F583E475F0031280F28F
:10AB300075F002EFA424CBF582E5F03403F583E051
:10AB4000FCA3E0D394BAEC9403401375F002EFA495
:10AB500024CBF582E5F03403F583E4F0A3F00FEFA6
:10AB6000B48AB712AD0A22E4FF74F62FF582E434FA
:10AB700001F583E4F0EF908A3193FD75F002EFA4C4
:10AB800024CBF582E5F03403F583E4F0A3EDF07413
:10AB9000312FF582E43403F583E4F0748A2FF582D3
:10ABA000E43400F583E4F0749C2FF582E43402F57C
:10ABB00083E4F00FEFB48AB112B79E900331EFF047
:10ABC000FD7FFF129F1190015CEFF0E4900986F089
:10ABD000A3F0785AF622E49008FAF0E49008FBF02B
:10ABE0009008FBE0FBC39417504C9008FAE0FAFF82
:10ABF000C374069FFFE49400FE7C037DBA12808B31
:10AC00007C007D0612809DAC06AD07EA75F017A4A6
:10AC10007A002BFFEA35F0FEEF25E0FFEE33FE74FD
:10AC2000CB2FF58274033EF583ECF0A3EDF0900892
:10AC3000FBE004F080AA9008FAE004F0E0B4069B80
:10AC4000227869E6B401028011781EE6FFB4041789
:10AC5000202B07D22A751709D22690FF957418F079
:10AC600090FFB57401F022EFB4030D90FF957418B6
:10AC7000F090FFB57480F022EFB4020D90FF957450
:10AC800018F090FFB574B4F022EFB4010D90FF9569
:10AC90007418F090FFB574E6F022EF700AD22A75AE
:10ACA0001709D22612BBDD2290FF80E07842F6A37E
:10ACB000E008F6A3E008F6A3E008F6A3E008F6A390
:10ACC000E008F6A3E008F6A3E008F6A3E008F6A380
:10ACD000E008F6A3E008F6A3E008F6A3E008F6A370
:10ACE000E008F6A3E008F6A3E008F6A3E008F6A360
:10ACF000E008F69008A9E5C0F0A3E588F0A3E5B068
:10AD0000F0A3E5F8F0A3E580F0227842E690FF801A
:10AD1000F008E6A3F008E6A3F008E6A3F008E6A32F
:10AD2000F008E6A3F008E6A3F008E6A3F008E6A31F
:10AD3000F008E6A3F008E6A3F008E6A3F008E6A30F
:10AD4000F008E6A3F008E6A3F008E6A3F008E6A3FF
:10AD5000F008E6A3F09008A9E0F5C0A3E0F588A309
:10AD6000E0F5B0A3E0F5F8A3E0F5802212BBDDE446
:10AD70009003CBF0A3F09008FAF012B79E9008FA77
:10AD8000E024F6F582E43401F583EFF012B79E90EB
:10AD900008FAE0FE2431F582E43403F583EFF07421
:10ADA000312EF582E43403F583E0FD7FFF129F111D
:10ADB0009008FAE0245CF582E43401F583EFF0902A
:10ADC00008FAE004F0E0C3948A40AF229008FA74D5
:10ADD00002F0A374FFF0E4FB9008FAE0FEA3E0FFAA
:10ADE0007C007D0A12809DEBFDC3740B9DFDE494F5
:10ADF00000FC12808B75F002EBA424CBF582E5F009
:10AE00003403F583EEF0A3EFF075F002EBA424E336
:10AE1000F582E5F03403F583EEF0A3EFF00BEBB42D
:10AE20000CB6E49003F9F0A3F022781BE62402FFAD
:10AE3000E433FE7857E6D39FEE6480F87480984040
:10AE400043E47857F6900984E014601E04703512CC
:10AE50007897D39004AEE094C89004ADE09400409D
:10AE6000239009847401F0029365127897D39004BB
:10AE70008AE094C8900489E094004008E490098432
:10AE8000F0128FF52275E1FC75E23F75E33F75E442
:10AE90003F75E5FF75E6A775E7FF75D1F075E9E049
:10AEA000E4F5EAF5EBF5EC75ED6D75EE9F75EFFFEA
:10AEB00075D9EF758001F590F598F5A075B091758D
:10AEC0008801F5C075F8E0C2B7758C05F5A5758CDD
:10AED00045F5A6758C85F5BB758CC5F58D22EF758E
:10AEE000F017A42400F582E43400F583E5822DF503
:10AEF00082E43583F5837401F0AE05900295E0FDA0
:10AF0000248BF582E43402F583EEF074902DF58203
:10AF1000E43402F583EFF074C62DF582E43403F5D2
:10AF2000837401F0900295E004F0E0C394054002C0
:10AF3000E4F022E4FF74F62FF582E43401F583E4B3
:10AF4000F0EF907C6F93FD75F002EFA424CBF582B7
:10AF5000E5F03403F583E4F0A3EDF0748A2FF58275
:10AF6000E43400F583E4F0749C2FF582E43402F5B8
:10AF700083E4F00FEFB48ABD9009887401F0E4A374
:10AF8000F0785AF6786AF6229009357402F0900942
:10AF90000EE0541F7042539BF0439B02900936749D
:10AFA00011F0A37408F0900936E475F001301E0D1D
:10AFB00012810885F082F5837402F0800A128108FC
:10AFC00085F082F583E4F0900936E0FEA3E0F58297
:10AFD0008E83E4F04397042212C1CF2212C1B4122F
:10AFE00000467F6012BF0112C1C57FB87E0B12BD43
:10AFF0005A7FB87E0B12BD5A12C19AEF20E0F92297
:10B000000000000000000000000000000000000040
:10B010000000000000000000000000000000000030
:10B020000000000000000000000000000000000020
:10B030000000000000000000000000000000000010
:10B040000000000000000000000000000000000000
:10B0500000000000000000000000000000000000F0
:10B0600000000000000000000000000000000000E0
:10B0700000000000000000000000000000000000D0
:10B0800000000000000000000000000000000000C0
:10B090000000000000FF0000000000FF00000000B2
:10B0A00000000000000000000000000000000000A0
:10B0B0000000000000000000000000000000000090
:10B0C0000000000000000000000000000000000080
:10B0D00000000000000000FF0000FF0000FF000073
:10B0E0000000000000000000000000000000000060
:10B0F0000000000000000000000000000000000050
:10B10000000000000000000000000000000000003F
:10B11000000000000000000000FF00000000000030
:10B12000000000000000000000000000000000001F
:10B13000000000000000000000000000000000000F
:10B14000000000000000000000FF00000000000000
:10B150000000000000000000000000000000FF00F0
:10B1600000000000FF0000000000000000000000E0
:10B1700000000000000000000000000000000000CF
:10B180000000000000000000000000FF0000FF00C1
:10B1900000FF000000000000000000000000F09030
:10B1A0000928E0FEA3E0FF7D08900905EEF0A3EF7B
:10B1B000F09009367411F0A37408F0E4FFEFC39D1A
:10B1C000502F900905E0FAA3E0F5828A83E493FE0C
:10B1D000900936E0FAA3E02FF582E43AF583EEF029
:10B1E000900906E004F07006900905E004F00F8075
:10B1F000CC2212BBDD7F189008C7E4F0A3DFFC224D
:10B200000000000000FF000000000000000000003F
:10B21000000000000000000000000000000000002E
:10B22000000000000000000000000000000000001E
:10B23000000000000000000000000000000000000E
:10B2400000000000000000000000000000000000FE
:10B2500000000000000000000000000000000000EE
:10B2600000000000000000000000000000000000DE
:10B2700000000000000000000000000000000000CE
:10B2800000000000000000000000000000000000BE
:10B290000000000000FF00000000000000000000AF
:10B2A000000000000000000000000000000000009E
:10B2B000000000000000000000000000000000008E
:10B2C000000000000000000000000000000000007E
:10B2D00000000000000000FF0000FF0000FF000071
:10B2E000000000000000000000000000000000005E
:10B2F000000000000000000000000000000000004E
:10B30000000000000000000000000000000000003D
:10B31000000000000000000000000000000000002D
:10B32000000000000000000000000000000000001D
:10B33000000000000000000000000000000000000D
:10B34000000000000000000000FF000000000000FE
:10B3500000000000000000000000000000000000ED
:10B3600000000000000000000000000000000000DD
:10B3700000000000000000000000000000000000CD
:10B380000000000000000000000000FF0000FF00BF
:10B3900000FF000000000000000000000000900915
:10B3A0000912819312C1B41200467F0212BF0190AC
:10B3B0000909E0FCA3E0FDA3E0FEA3E0FF78101282
:10B3C000814512BF01900909E0FCA3E0FDA3E0FE66
:10B3D000A3E0FF780812814512BF01900909A3A3D9
:10B3E000A3E0FF12BF0112C1BF12C19AEF20E0F922
:10B3F00022E4900935F0539BF043970243970422CF
:10B400000000000000000000000000FF0000FF003E
:10B4100000FF00000000000000000000000000002D
:10B42000000000000000000000000000000000001C
:10B43000000000000000000000000000000000000C
:10B4400000000000000000000000000000FF0000FD
:10B45000FF0000FF0000FF0000FF000000000000F0
:10B4600000000000000000000000000000000000DC
:10B4700000000000000000000000FF0000FF0000CE
:10B48000000000000000000000000000000000FFBD
:10B490000000FF0000FF0000FF0000FF00000000B0
:10B4A000000000000000000000000000000000009C
:10B4B000000000000000000000000000000000FF8D
:10B4C0000000FF000000000000000000000000007D
:10B4D00000000000000000FF0000FF0000FF00006F
:10B4E000000000FF0000000000000000000000005D
:10B4F000000000000000000000000000000000004C
:10B50000000000000000000000000000000000003B
:10B51000000000000000000000FF0000000000002C
:10B520000000000000000000000000FF000000001C
:10B53000000000000000000000000000000000000B
:10B5400000000000000000000000000000000000FB
:10B550000000000000000000000000000000FF00EC
:10B5600000000000FF0000000000000000FF0000DD
:10B5700000000000000000000000000000000000CB
:10B5800000000000000000000000000000000000BB
:10B590000000000000000000000000000000C221C8
:10B5A000E4F50AF50BF50FFB74062BF582E434077E
:10B5B000F583E4F00BEBB410EFD202D214E4FBEB12
:10B5C00025E025E024AAF582E43407F58312819F63
:10B5D00000000000EB25E025E024C7F582E43408F4
:10B5E000F58312819F000000000BEBB406D1227599
:10B5F000A901E4F5BAF5B6F5B4F5B8F5B5F5B92293
:10B60000000000000000000000000000000000003A
:10B61000000000000000000000000000000000002A
:10B62000000000000000000000000000000000001A
:10B63000000000000000000000000000000000000A
:10B6400000000000000000000000000000FF0000FB
:10B65000FF0000FF0000FF0000FF0000FF0000FFF0
:10B6600000000000000000000000000000000000DA
:10B6700000000000000000000000000000000000CA
:10B6800000000000000000000000000000000000BA
:10B690000000FF0000FF0000FF0000FF0000FF00AF
:10B6A000000000000000000000000000000000009A
:10B6B000000000000000000000000000000000008A
:10B6C000000000000000000000000000000000007A
:10B6D00000000000000000FF0000FF0000FF00006D
:10B6E000FF0000FF0000000000000000000000005C
:10B6F000000000000000000000000000000000004A
:10B700000000000000000000000000000000000039
:10B71000000000000000000000FF0000000000002A
:10B720000000000000FF0000FF000000000000001B
:10B730000000000000000000000000000000000009
:10B7400000000000000000000000000000000000F9
:10B750000000000000000000000000000000FF00EA
:10B7600000000000000000000000000000000000D9
:10B7700000000000000000000000000000000000C9
:10B7800000000000000000000000000000000000B9
:10B790000000000000000000000000000000900910
:10B7A0007E1281D67810EC4D4E4F70047CA57DA59D
:10B7B000C3EC13FCED13FDEE13FEEF13FF5010EC82
:10B7C00064CCFCED644CFDEE644EFEEF64CEFFD81D
:10B7D000DF90097E128193EE547FFE2290097EEE67
:10B7E000F0EFA3F0A374A5F0A3F022900757740123
:10B7F000F03000069007C5E08001E4900758F02281
:10B800000000000000000000000000000000000038
:10B810000000000000000000000000000000000028
:10B820000000000000000000000000000000000018
:10B830000000000000000000000000000000000008
:10B8400000000000000000000000000000FF0000F9
:10B85000FF0000FF0000FF0000FF0000FF0000FFEE
:10B8600000000000000000000000000000000000D8
:10B8700000000000000000000000000000000000C8
:10B8800000000000000000000000000000000000B8
:10B890000000FF0000FF0000FF0000FF00000000AC
:10B8A0000000000000000000000000000000000098
:10B8B0000000000000000000000000000000000088
:10B8C0000000000000000000000000000000000078
:10B8D00000000000000000FF0000FF0000FF00006B
:10B8E000FF00000000000000000000000000000059
:10B8F0000000000000000000000000000000000048
:10B900000000000000000000000000000000000037
:10B910000000000000000000000000000000000027
:10B920000000000000000000000000000000000017
:10B930000000000000000000000000000000000007
:10B9400000000000000000000000000000000000F7
:10B9500000000000000000000000000000000000E7
:10B9600000000000000000000000000000000000D7
:10B9700000000000000000000000000000000000C7
:10B9800000000000000000000000000000000000B7
:10B99000000000000000000000000000000090080F
:10B9A000EA1281931200467F0312BF019008EAE079
:10B9B000FCA3E0FDA3E0FEA3E0FF78101281451296
:10B9C000BF019008EAE0FCA3E0FDA3E0FEA3E0FFD6
:10B9D000780812814512BF019008EAA3A3A3E0FFF3
:10B9E00012BF0112001E12C1C522C0E0C0F0C08308
:10B9F000C082C0D075D000C000C001C002C003C06A
:10BA000004C005C006C007C086C0A7C2CF201D065F
:10BA1000202403122DBDD0A7D086D007D006D00594
:10BA2000D004D003D002D001D000D0D0D082D083B7
:10BA3000D0F0D0E03290090EE0541F6401703D90C8
:10BA40000912E0FF600464017032539BF0439B02D3
:10BA50009009367411F0A37408F0900936E475F07B
:10BA60000112810885F082F583E4F0900936E0FE4A
:10BA7000A3E0F5828E83E4F04397042212C1CF2223
:10BA8000E4FF74F62FF582E43401F583E4F075F0F9
:10BA900002EFA424CBF582E5F03403F583E4F0A3B0
:10BAA000F074312FF582E43403F583E4F0745C2FF5
:10BAB000F582E43401F583E4F00FEFB48AC4785CD6
:10BAC000E6FF129DEB785A76AA2290097674AAF0C6
:10BAD0007869E6A3F0781BE6A3F0781EE690097B70
:10BAE000F0785CE6A3F07FE412BEBFE49008F5F0C6
:10BAF0009008F5E0FD2476F582E43409F583E0FB57
:10BB00007FE412BDC09008F5E004F0E0C394074064
:10BB1000DF229009367411F0A37408F0900912E046
:10BB2000FF701490091CE0FE900936E0FCA3E0F5DC
:10BB3000828C83EEF08016EFB4011290091EE0FFB4
:10BB4000900936E0FCA3E0F5828C83EFF0539BF084
:10BB5000759B0143970422C0E0C0F0C083C082C03F
:10BB6000D075D000C000C001C002C003C004C00531
:10BB7000C006C007C086C0A7128C56D0A7D086D0FA
:10BB800007D006D005D004D003D002D001D000D019
:10BB9000D0D082D083D0F0D0E0329008FA7402F096
:10BBA000A374FFF0E4FB9008FAE0FEA3E0FF7C0042
:10BBB0007D1712809DEBFDC374179DFDE49400FC7E
:10BBC00012808B75F002EBA424CBF582E5F03403F0
:10BBD000F583EEF0A3EFF00BEBB417CA2275C0FFAC
:10BBE00043888743B07FD2FC4380E090FF8074B0ED
:10BBF000F0A37410F0A3F0A3F0A3F0A3F0A374B02B
:10BC0000F0A37410F0A3F0A3F0A3F0A3F0A374B01A
:10BC1000F0A37410F0A3F0A3F0A3F0A3F02290E43B
:10BC200001E4937869F6A3E493781BF690E405E4C5
:10BC300093781EF6785C76077F07129DEB90FF9C49
:10BC4000E4F090FF9874FFF090FF9DE4F090FF996E
:10BC500074FFF090FF9EE4F090FF9A74FFF0229042
:10BC60000935E0B4010D12A48C4397045392AF43FD
:10BC7000970122900935E0B4020A5392AF4397012D
:10BC8000439708224397085392AF43970190090EB8
:10BC9000E07009A3E0B40504A3E0F596229007C57F
:10BCA000E0FFB4E308300005301002B22FD20E30AE
:10BCB0002F0AEF64E36023EF64E7601EEF540FFF89
:10BCC000900706E0FEEF90644F93300006F4FFEE1D
:10BCD0004F8003FFEE5F900706F022900910E0FF0F
:10BCE0006005D22343C804900912E0FE700F90094A
:10BCF0001CEFF07004C22E8018D22E8014EEB40116
:10BD000010900910E090091EF07004C22E8002D23B
:10BD10002E539BF043970422E4FBEB90A37893FF10
:10BD2000C3740A9FFFE49400FE7C037DBA12808BEB
:10BD30007C007D0A12809D75F002EBA424CBF58275
:10BD4000E5F03403F583EEF0A3EFF00BEBB48ACA11
:10BD5000229007C4EFF07F147E00E4F5B1FDFCC330
:10BD6000ED9FEC9E5022E4F5B100000000000000C1
:10BD700000000000000000000000000000000000C3
:10BD8000000DBD00010C80D722E4900935F0900928
:10BD90000EE0541F64027024900912E0FF700853F3
:10BDA00097F75397FD8015EFB481055399F7800CF1
:10BDB000EFB48205539AF7800302C1CF12C1D62295
:10BDC000A2AF9232C2AF8FF7AF058FFBAF038FFCEC
:10BDD00075F26E75F30575F40A75F50975F60600CA
:10BDE00000000000000000E4F5F2F5F3F5F4F5F5CD
:10BDF000F5F6A23292AF2290FF8074B8F0A37418C7
:10BE0000F0A3F0A3F0A3F0A3F0A374B8F0A3741808
:10BE1000F0A3F0A3F0A3F0A3F0A374B8F0A37418F8
:10BE2000F0A3F0A3F0A3F0A3F022C231EF1460144A
:10BE30001460151460161460171460182405701926
:10BE4000A2F88012A2F9800EA2FA800AA2FB800654
:10BE5000A28B8002A28CB39231A23122EF24FF92F6
:10BE6000B192C092C192C292C392C492C592C6923C
:10BE7000C792889289928A928F92B092B492B2922B
:10BE8000B392B592B692FC92859286928722E49004
:10BE90000935F090090EE0541FFFBF021B900912F4
:10BEA000E0FFB481054399088011EFB48205439AFD
:10BEB00008800812C1CF800302C1CF12C1D622A2CE
:10BEC000AF9232C2AF8FF7E4F5FC75F2E675F30579
:10BED00075F40A75F50975F606000000000000000B
:10BEE00000F5F2F5F3F5F4F5F5F5F6A23292AF228E
:10BEF000900909E0FCA3E0FDA3E0FEA3E0FF1281AE
:10BF000045E4FEC283EF30E704D2848002C284EFAE
:10BF100025E0FF0000D28300000EEEB408E522E425
:10BF2000900935F0E596601B900910E0FF6003B4BE
:10BF3000010F90091DEFF0D21F539BF0439704802F
:10BF400005800012C1CF12C1D643A80122E4900996
:10BF500035F0900910E0FF7008900912E07002803F
:10BF60000AEF7011900912E0B4010A539BF0439755
:10BF7000044397022212C1CF229009091281931221
:10BF8000C1B41200467F8112BF01781012BEF07852
:10BF90000812BEF0900909A3A312C1BF12C19AEF03
:10BFA00020E0F9227957E7D3781B964021E47857AF
:10BFB000F61276EBD390045CE094C890045BE094B6
:10BFC00000400B12A9A27859E6B4550276AA229035
:10BFD00009357402F0539BF0759B01A37411F0A313
:10BFE0007408F090091DE0FF900936E0FCA3E0F52D
:10BFF000828C83EFF0439704229009367411F0A3EA
:10C000007408F0900926E0FF900936E0FCA3E0F503
:10C01000828C83EFF0539BF0759B01439704229031
:10C0200009357402F0539BF0759B01A37411F0A3C2
:10C030007408F0900936E0FEA3E0F5828E83E4F008
:10C04000439704229008F5EFF0E49008F7F0900889
:10C05000F7E0FFC3940650109008F5E0FD12980F2A
:10C060009008F7E004F080E6229007CA7402F030EE
:10C0700000119007C5E09007CBF09007C6E090074D
:10C08000CCF022E49007CBF0A3F02212C0C612003D
:10C09000167FF47E0112BD5A12AE8512C153126290
:10C0A0001412C1E312C11302B5EFE4900756F090E9
:10C0B0000705F09007A7F090081AF0C200C201C26D
:10C0C00002C203C2042275B2087F057E0012BD5A67
:10C0D00075BC027FC87E0012BD5A75BC0375B20CD8
:10C0E0002278FFE4F6D8FD9000007F007E10E4F097
:10C0F000A3DFFCDEFA75816E0244C2E4900935F0DC
:10C10000900911E090091FF0900926F0539BF0432D
:10C110009704227591C0E4F59675945F759511901A
:10C12000091CF090091EF0C22322786E7601E4F516
:10C130001A785AF6C23712BBDD785CE6FF029DEB37
:10C1400090091BE0D394C84003D2202290091BE041
:10C1500004F02275CDFE75CC6F75CBFE75CA6FE409
:10C16000F5C9F5C822E4900935F090090EE0541F96
:10C170007002C21E02C1D6E4900935F090090EE0AB
:10C18000541F7002D21E02C1D6E47862F6C207C202
:10C190001112BBDD12BC1E02AC411200467F05121B
:10C1A000BF0112001E12C1C522C2AF75F0A5745A9C
:10C1B00002FF00221200467F0612BF0102C1C5A382
:10C1C000E0FF12BF01D28D22C208C201C22F22435A
:10C1D000970843970222539BF04397042275E80087
:10C1E000D23432E4F5B3F58922D283220000000074
:10C1F000000000000000000000000000000000003F
:10C20000000000000000000000000000000000002E
:10C21000000000000000000000000000000000001E
:10C22000000000000000000000000000000000000E
:10C2300000000000000000000000000000000000FE
:10C2400000000000000000000000000000000000EE
:10C2500000000000000000000000000000000000DE
:10C2600000000000000000000000000000000000CE
:10C2700000000000000000000000000000000000BE
:10C2800000000000000000000000000000000000AE
:10C29000000000000000000000000000000000009E
:10C2A000000000000000000000000000000000008E
:10C2B000000000000000000000000000000000007E
:10C2C000000000000000000000000000000000006E
:10C2D000000000000000000000000000000000005E
:10C2E000000000000000000000000000000000004E
:10C2F000000000000000000000000000000000003E
:10C30000000000000000000000000000000000002D
:10C31000000000000000000000000000000000001D
:10C32000000000000000000000000000000000000D
:10C3300000000000000000000000000000000000FD
:10C3400000000000000000000000000000000000ED
:10C3500000000000000000000000000000000000DD
:10C3600000000000000000000000000000000000CD
:10C3700000000000000000000000000000000000BD
:10C3800000000000000000000000000000000000AD
:10C39000000000000000000000000000000000009D
:10C3A000000000000000000000000000000000008D
:10C3B000000000000000000000000000000000007D
:10C3C000000000000000000000000000000000006D
:10C3D000000000000000000000000000000000005D
:10C3E000000000000000000000000000000000004D
:10C3F000000000000000000000000000000000003D
:10C40000000000000000000000000000000000002C
:10C41000000000000000000000000000000000001C
:10C42000000000000000000000000000000000000C
:10C4300000000000000000000000000000000000FC
:10C4400000000000000000000000000000000000EC
:10C4500000000000000000000000000000000000DC
:10C4600000000000000000000000000000000000CC
:10C4700000000000000000000000000000000000BC
:10C4800000000000000000000000000000000000AC
:10C49000000000000000000000000000000000009C
:10C4A000000000000000000000000000000000008C
:10C4B000000000000000000000000000000000007C
:10C4C000000000000000000000000000000000006C
:10C4D000000000000000000000000000000000005C
:10C4E000000000000000000000000000000000004C
:10C4F000000000000000000000000000000000003C
:10C50000000000000000000000000000000000002B
:10C51000000000000000000000000000000000001B
:10C52000000000000000000000000000000000000B
:10C5300000000000000000000000000000000000FB
:10C5400000000000000000000000000000000000EB
:10C5500000000000000000000000000000000000DB
:10C5600000000000000000000000000000000000CB
:10C5700000000000000000000000000000000000BB
:10C5800000000000000000000000000000000000AB
:10C59000000000000000000000000000000000009B
:10C5A000000000000000000000000000000000008B
:10C5B000000000000000000000000000000000007B
:10C5C000000000000000000000000000000000006B
:10C5D000000000000000000000000000000000005B
:10C5E000000000000000000000000000000000004B
:10C5F000000000000000000000000000000000003B
:10C600000000FF00FF00FF000000FFFFFF00FFFF32
:10C61000FF00FFFFFF0000FF00FF00FF000000FF22
:10C62000FFFF00FFFFFF00FFFFFF0000FF00FF0014
:10C63000FF000000FFFFFF00FFFFFF00FFFFFF0004
:10C6400000FF00FF0000FF00FF000000FFFFFF00F1
:10C65000FFFFFF00FFFFFF0000FF00FF00FF0000E3
:10C6600000FFFFFF00FFFFFF00FFFFFF0000FF00D4
:10C67000FF00FF000000FFFFFF00FFFFFF00FFFFC4
:10C68000FFFF00FF00FFFFFF0000FF000000FFFFB3
:10C69000FF00FFFFFFFFFFFF000000FF00FF00FFA4
:10C6A000000000FFFFFF00FFFFFF00FFFFFF000093
:10C6B000FF00FF00FF000000FF00FF000000FFFF81
:10C6C000FF00FFFFFF00FFFFFF0000FF00FF000073
:10C6D000FF00FF000000FFFFFF00FFFFFFFF00FF64
:10C6E000FF0000FF00FF00FF000000FFFFFF00FF52
:10C6F000FFFF00FFFFFF0000FF00FF00FF00000042
:10C70000FFFFFF00FFFFFF00FFFFFF0000FF00FF34
:10C7100000FF00000000FF00FF00FF000000FFFF1F
:10C72000FF00FFFFFF00FFFFFF0000FF00FF00FF13
:10C73000000000FFFFFF00FFFFFF00FFFFFF000002
:10C74000FF00FF00FF000000FFFFFF00FFFFFF00F2
:10C75000FFFFFF0000FF00FF0000FF00FF000000E0
:10C76000FFFFFF00FFFFFF00FFFFFF0000FF00FFD4
:10C7700000FF000000FFFFFF00FFFFFF00FFFFFFC3
:10C780000000FF00FF00FF000000FFFFFF00FFFFB1
:10C79000FF00FFFFFF0000FF00FF00FF00000000A0
:10C7A0000000000000000000000000000000000089
:10C7B0000000000000000000000000000000000079
:10C7C0000000000000000000000000000000000069
:10C7D0000000000000000000000000000000000059
:10C7E0000000000000000000000000000000000049
:10C7F0000000000000000000000000000000000039
:10C800000000000000000000000000000000000028
:10C810000000000000000000000000000000000018
:10C820000000000000000000000000000000000008
:10C8300000000000000000000000000000000000F8
:10C8400000000000000000000000000000000000E8
:10C8500000000000000000000000000000000000D8
:10C8600000000000000000000000000000000000C8
:10C8700000000000000000000000000000000000B8
:10C8800000000000000000000000000000000000A8
:10C890000000000000000000000000000000000098
:10C8A0000000000000000000000000000000000088
:10C8B0000000000000000000000000000000000078
:10C8C0000000000000000000000000000000000068
:10C8D0000000000000000000000000000000000058
:10C8E0000000000000000000000000000000000048
:10C8F0000000000000000000000000000000000038
:10C900000000000000000000000000000000000027
:10C910000000000000000000000000000000000017
:10C920000000000000000000000000000000000007
:10C9300000000000000000000000000000000000F7
:10C9400000000000000000000000000000000000E7
:10C9500000000000000000000000000000000000D7
:10C9600000000000000000000000000000000000C7
:10C9700000000000000000000000000000000000B7
:10C9800000000000000000000000000000000000A7
:10C990000000000000000000000000000000000097
:10C9A0000000000000000000000000000000000087
:10C9B0000000000000000000000000000000000077
:10C9C0000000000000000000000000000000000067
:10C9D0000000000000000000000000000000000057
:10C9E0000000000000000000000000000000000047
:10C9F0000000000000000000000000000000000037
:10CA00000000000000000000000000000000000026
:10CA10000000000000000000000000000000000016
:10CA20000000000000000000000000000000000006
:10CA300000000000000000000000000000000000F6
:10CA400000000000000000000000000000000000E6
:10CA500000000000000000000000000000000000D6
:10CA600000000000000000000000000000000000C6
:10CA700000000000000000000000000000000000B6
:10CA800000000000000000000000000000000000A6
:10CA90000000000000000000000000000000000096
:10CAA0000000000000000000000000000000000086
:10CAB0000000000000000000000000000000000076
:10CAC0000000000000000000000000000000000066
:10CAD0000000000000000000000000000000000056
:10CAE0000000000000000000000000000000000046
:10CAF0000000000000000000000000000000000036
:10CB00000000000000000000000000000000000025
:10CB10000000000000000000000000000000000015
:10CB20000000000000000000000000000000000005
:10CB300000000000000000000000000000000000F5
:10CB400000000000000000000000000000000000E5
:10CB500000000000000000000000000000000000D5
:10CB600000000000000000000000000000000000C5
:10CB700000000000000000000000000000000000B5
:10CB800000000000000000000000000000000000A5
:10CB90000000000000000000000000000000000095
:10CBA0000000000000000000000000000000000085
:10CBB0000000000000000000000000000000000075
:10CBC0000000000000000000000000000000000065
:10CBD0000000000000000000000000000000000055
:10CBE0000000000000000000000000000000000045
:10CBF0000000000000000000000000000000000035
:10CC00000000000000000000000000000000000024
:10CC10000000000000000000000000000000000014
:10CC20000000000000000000000000000000000004
:10CC300000000000000000000000000000000000F4
:10CC400000000000000000000000000000000000E4
:10CC500000000000000000000000000000000000D4
:10CC600000000000000000000000000000000000C4
:10CC700000000000000000000000000000000000B4
:10CC800000000000000000000000000000000000A4
:10CC90000000000000000000000000000000000094
:10CCA0000000000000000000000000000000000084
:10CCB0000000000000000000000000000000000074
:10CCC0000000000000000000000000000000000064
:10CCD0000000000000000000000000000000000054
:10CCE0000000000000000000000000000000000044
:10CCF0000000000000000000000000000000000034
:10CD00000000000000000000000000000000000023
:10CD10000000000000000000000000000000000013
:10CD20000000000000000000000000000000000003
:10CD300000000000000000000000000000000000F3
:10CD400000000000000000000000000000000000E3
:10CD500000000000000000000000000000000000D3
:10CD600000000000000000000000000000000000C3
:10CD700000000000000000000000000000000000B3
:10CD800000000000000000000000000000000000A3
:10CD90000000000000000000000000000000000093
:10CDA0000000000000000000000000000000000083
:10CDB0000000000000000000000000000000000073
:10CDC0000000000000000000000000000000000063
:10CDD0000000000000000000000000000000000053
:10CDE0000000000000000000000000000000000043
:10CDF0000000000000000000000000000000000033
:10CE00000000000000000000000000000000000022
:10CE10000000000000000000000000000000000012
:10CE20000000000000000000000000000000000002
:10CE300000000000000000000000000000000000F2
:10CE400000000000000000000000000000000000E2
:10CE500000000000000000000000000000000000D2
:10CE600000000000000000000000000000000000C2
:10CE700000000000000000000000000000000000B2
:10CE800000000000000000000000000000000000A2
:10CE90000000000000000000000000000000000092
:10CEA0000000000000000000000000000000000082
:10CEB0000000000000000000000000000000000072
:10CEC0000000000000000000000000000000000062
:10CED0000000000000000000000000000000000052
:10CEE0000000000000000000000000000000000042
:10CEF0000000000000000000000000000000000032
:10CF00000000000000000000000000000000000021
:10CF10000000000000000000000000000000000011
:10CF20000000000000000000000000000000000001
:10CF300000000000000000000000000000000000F1
:10CF400000000000000000000000000000000000E1
:10CF500000000000000000000000000000000000D1
:10CF600000000000000000000000000000000000C1
:10CF700000000000000000000000000000000000B1
:10CF800000000000000000000000000000000000A1
:10CF90000000000000000000000000000000000091
:10CFA0000000000000000000000000000000000081
:10CFB0000000000000000000000000000000000071
:10CFC0000000000000000000000000000000000061
:10CFD0000000000000000000000000000000000051
:10CFE0000000000000000000000000000000000041
:10CFF0000000000000000000000000000000000031
:10D000000000000000000000000000000000000020
:10D010000000000000000000000000000000000010
:10D020000000000000000000000000000000000000
:10D0300000000000000000000000000000000000F0
:10D0400000000000000000000000000000000000E0
:10D0500000000000000000000000000000000000D0
:10D0600000000000000000000000000000000000C0
:10D0700000000000000000000000000000000000B0
:10D0800000000000000000000000000000000000A0
:10D090000000000000000000000000000000000090
:10D0A0000000000000000000000000000000000080
:10D0B0000000000000000000000000000000000070
:10D0C0000000000000000000000000000000000060
:10D0D0000000000000000000000000000000000050
:10D0E0000000000000000000000000000000000040
:10D0F0000000000000000000000000000000000030
:10D10000000000000000000000000000000000001F
:10D11000000000000000000000000000000000000F
:10D1200000000000000000000000000000000000FF
:10D1300000000000000000000000000000000000EF
:10D1400000000000000000000000000000000000DF
:10D1500000000000000000000000000000000000CF
:10D1600000000000000000000000000000000000BF
:10D1700000000000000000000000000000000000AF
:10D18000000000000000000000000000000000009F
:10D19000000000000000000000000000000000008F
:10D1A000000000000000000000000000000000007F
:10D1B000000000000000000000000000000000006F
:10D1C000000000000000000000000000000000005F
:10D1D000000000000000000000000000000000004F
:10D1E000000000000000000000000000000000003F
:10D1F000000000000000000000000000000000002F
:10D20000000000000000000000000000000000001E
:10D21000000000000000000000000000000000000E
:10D2200000000000000000000000000000000000FE
:10D2300000000000000000000000000000000000EE
:10D2400000000000000000000000000000000000DE
:10D2500000000000000000000000000000000000CE
:10D2600000000000000000000000000000000000BE
:10D2700000000000000000000000000000000000AE
:10D28000000000000000000000000000000000009E
:10D29000000000000000000000000000000000008E
:10D2A000000000000000000000000000000000007E
:10D2B000000000000000000000000000000000006E
:10D2C000000000000000000000000000000000005E
:10D2D000000000000000000000000000000000004E
:10D2E000000000000000000000000000000000003E
:10D2F000000000000000000000000000000000002E
:10D30000000000000000000000000000000000001D
:10D31000000000000000000000000000000000000D
:10D3200000000000000000000000000000000000FD
:10D3300000000000000000000000000000000000ED
:10D3400000000000000000000000000000000000DD
:10D3500000000000000000000000000000000000CD
:10D3600000000000000000000000000000000000BD
:10D3700000000000000000000000000000000000AD
:10D38000000000000000000000000000000000009D
:10D39000000000000000000000000000000000008D
:10D3A000000000000000000000000000000000007D
:10D3B000000000000000000000000000000000006D
:10D3C000000000000000000000000000000000005D
:10D3D000000000000000000000000000000000004D
:10D3E000000000000000000000000000000000003D
:10D3F000000000000000000000000000000000002D
:10D40000000000000000000000000000000000001C
:10D41000000000000000000000000000000000000C
:10D4200000000000000000000000000000000000FC
:10D4300000000000000000000000000000000000EC
:10D4400000000000000000000000000000000000DC
:10D4500000000000000000000000000000000000CC
:10D4600000000000000000000000000000000000BC
:10D4700000000000000000000000000000000000AC
:10D48000000000000000000000000000000000009C
:10D49000000000000000000000000000000000008C
:10D4A000000000000000000000000000000000007C
:10D4B000000000000000000000000000000000006C
:10D4C000000000000000000000000000000000005C
:10D4D000000000000000000000000000000000004C
:10D4E000000000000000000000000000000000003C
:10D4F000000000000000000000000000000000002C
:10D50000000000000000000000000000000000001B
:10D51000000000000000000000000000000000000B
:10D5200000000000000000000000000000000000FB
:10D5300000000000000000000000000000000000EB
:10D5400000000000000000000000000000000000DB
:10D5500000000000000000000000000000000000CB
:10D5600000000000000000000000000000000000BB
:10D5700000000000000000000000000000000000AB
:10D58000000000000000000000000000000000009B
:10D59000000000000000000000000000000000008B
:10D5A000000000000000000000000000000000007B
:10D5B000000000000000000000000000000000006B
:10D5C000000000000000000000000000000000005B
:10D5D000000000000000000000000000000000004B
:10D5E000000000000000000000000000000000003B
:10D5F000000000000000000000000000000000002B
:10D60000000000000000000000000000000000001A
:10D61000000000000000000000000000000000000A
:10D6200000000000000000000000000000000000FA
:10D6300000000000000000000000000000000000EA
:10D6400000000000000000000000000000000000DA
:10D6500000000000000000000000000000000000CA
:10D6600000000000000000000000000000000000BA
:10D6700000000000000000000000000000000000AA
:10D68000000000000000000000000000000000009A
:10D69000000000000000000000000000000000008A
:10D6A000000000000000000000000000000000007A
:10D6B000000000000000000000000000000000006A
:10D6C000000000000000000000000000000000005A
:10D6D000000000000000000000000000000000004A
:10D6E000000000000000000000000000000000003A
:10D6F000000000000000000000000000000000002A
:10D700000000000000000000000000000000000019
:10D710000000000000000000000000000000000009
:10D7200000000000000000000000000000000000F9
:10D7300000000000000000000000000000000000E9
:10D7400000000000000000000000000000000000D9
:10D7500000000000000000000000000000000000C9
:10D7600000000000000000000000000000000000B9
:10D7700000000000000000000000000000000000A9
:10D780000000000000000000000000000000000099
:10D790000000000000000000000000000000000089
:10D7A0000000000000000000000000000000000079
:10D7B0000000000000000000000000000000000069
:10D7C0000000000000000000000000000000000059
:10D7D0000000000000000000000000000000000049
:10D7E0000000000000000000000000000000000039
:10D7F0000000000000000000000000000000000029
:10D800000000000000000000000000000000000018
:10D810000000000000000000000000000000000008
:10D8200000000000000000000000000000000000F8
:10D8300000000000000000000000000000000000E8
:10D8400000000000000000000000000000000000D8
:10D8500000000000000000000000000000000000C8
:10D8600000000000000000000000000000000000B8
:10D8700000000000000000000000000000000000A8
:10D880000000000000000000000000000000000098
:10D890000000000000000000000000000000000088
:10D8A0000000000000000000000000000000000078
:10D8B0000000000000000000000000000000000068
:10D8C0000000000000000000000000000000000058
:10D8D0000000000000000000000000000000000048
:10D8E0000000000000000000000000000000000038
:10D8F0000000000000000000000000000000000028
:10D900000000000000000000000000000000000017
:10D910000000000000000000000000000000000007
:10D9200000000000000000000000000000000000F7
:10D9300000000000000000000000000000000000E7
:10D9400000000000000000000000000000000000D7
:10D9500000000000000000000000000000000000C7
:10D9600000000000000000000000000000000000B7
:10D9700000000000000000000000000000000000A7
:10D980000000000000000000000000000000000097
:10D990000000000000000000000000000000000087
:10D9A0000000000000000000000000000000000077
:10D9B0000000000000000000000000000000000067
:10D9C0000000000000000000000000000000000057
:10D9D0000000000000000000000000000000000047
:10D9E0000000000000000000000000000000000037
:10D9F0000000000000000000000000000000000027
:10DA00000000000000000000000000000000000016
:10DA10000000000000000000000000000000000006
:10DA200000000000000000000000000000000000F6
:10DA300000000000000000000000000000000000E6
:10DA400000000000000000000000000000000000D6
:10DA500000000000000000000000000000000000C6
:10DA600000000000000000000000000000000000B6
:10DA700000000000000000000000000000000000A6
:10DA80000000000000000000000000000000000096
:10DA90000000000000FF0000000000FF0000000088
:10DAA0000000000000000000000000000000000076
:10DAB0000000000000000000000000000000000066
:10DAC0000000000000000000000000000000000056
:10DAD00000000000000000FF0000FF0000FF000049
:10DAE0000000000000000000000000000000000036
:10DAF0000000000000000000000000000000000026
:10DB00000000000000000000000000000000000015
:10DB1000000000000000000000FF00000000000006
:10DB200000000000000000000000000000000000F5
:10DB300000000000000000000000000000000000E5
:10DB4000000000000000000000FF000000000000D6
:10DB50000000000000000000000000000000FF00C6
:10DB600000000000FF0000000000000000000000B6
:10DB700000000000000000000000000000000000A5
:10DB80000000000000000000000000FF0000FF0097
:10DB900000FF000000000000000000000000000086
:10DBA0000000000000000000000000000000000075
:10DBB0000000000000000000000000000000000065
:10DBC0000000000000000000000000000000000055
:10DBD0000000000000000000000000000000000045
:10DBE0000000000000000000000000000000000035
:10DBF0000000000000000000000000000000000025
:10DC00000000000100000029000000000000003AB0
:10DC10000000003B0000003C0000003D0000003E12
:10DC20000000003F000000400000004100000042F2
:10DC30000000004300000044040001830000004590
:10DC4000000000460000004700000048040000E912
:10DC5000040000EA040000E2040001920000000455
:10DC6000000000350000001E0000001F0000002022
:10DC7000000000210000002200000023000000241A
:10DC80000000002500000026000000270000002DF5
:10DC90000000002E000000000000002A00000049E3
:10DCA0000000004A0000004B000000530000005438
:10DCB0000000005500000056000000050000002B89
:10DCC000000000140000001A000000080000001509
:10DCD000000000170000001C000000180000000CED
:10DCE00000000012000000130000002F00000030B0
:10DCF00000000000000000310000004C0000004D5A
:10DD00000000004E0000005F0000006000000061A5
:10DD10000000005700000006000000390000000469
:10DD20000000001600000007000000090000000AC3
:10DD30000000000B0000000D0000000E0000000FAE
:10DD4000000000330000003400000031000000003B
:10DD5000000000280000000000000000000000009B
:10DD60000000005C0000005D0000005E000000009C
:10DD700000000007060000E1000000640000001D34
:10DD80000000001B00000006000000190000000554
:10DD900000000011000000100000003600000037F5
:10DDA000000000380000000000000000060000E550
:10DDB00000000000000000520000000000000059B8
:10DDC0000000005A0000005B00000058000000083E
:10DDD000060000E0060000E3060000E2000000008C
:10DDE000000000000000002C000000000000000007
:10DDF000060000E6000000CF000000650000000003
:10DE0000060000E4000000000000000000000050D8
:10DE1000000000510000004F000000620000000000
:10DE2000000000630000000000000000000000008F
:10DE300000000000000000000000000000000000E2
:10DE400000000000000000000000000000000000D2
:10DE500000000000000000000000000000000000C2
:10DE600000000000000000000000000000000000B2
:10DE700000000000000000000000000000000000A2
:10DE80000000000000000000000000000000000092
:10DE90000000000000000000000000000000000082
:10DEA0000000000000000000000000000000000072
:10DEB0000000000000000000000000000000000062
:10DEC0000000000000000000000000000000000052
:10DED0000000000000000000000000000000000042
:10DEE0000000000000000000000000000000000032
:10DEF0000000000000000000000000000000000022
:10DF00000000000000000000000000000000000011
:10DF10000000000000000000000000000000000001
:10DF200000000000000000000000000000000000F1
:10DF300000000000000000000000000000000000E1
:10DF400000000000000000000000000000000000D1
:10DF500000000000000000000000000000000000C1
:10DF600000000000000000000000000000000000B1
:10DF700000000000000000000000000000000000A1
:10DF80000000000000000000000000000000000091
:10DF90000000000000000000000000000000000081
:10DFA0000000000000000000000000000000000071
:10DFB0000000000000000000000000000000000061
:10DFC0000000000000000000000000000000000051
:10DFD0000000000000000000000000000000000041
:10DFE0000000000000000000000000000000000031
:10DFF0000000000000000000000000000000000021
:10E000000000000000000029000000000000003AAD
:10E010000000003B0000003C0000003D0000003E0E
:10E020000000003F000000400000004100000042EE
:10E030000000004300000044000000000000004514
:10E0400000000046000000470000004800000000FB
:10E0500000000000000000000000000000000000C0
:10E06000000000350000001E0000001F000000201E
:10E070000000002100000022000000230000002416
:10E080000000002500000026000000270000002DF1
:10E090000000002E000000000000002A00000049DF
:10E0A0000000004A0000004B000000530000005434
:10E0B0000000005500000056000000000000002B8A
:10E0C000000000140000001A000000080000001505
:10E0D000000000170000001C000000180000000CE9
:10E0E00000000012000000130000002F00000030AC
:10E0F00000000000000000310000004C0000004D56
:10E100000000004E0000005F0000006000000061A1
:10E11000000000570000000000000039000000046B
:10E120000000001600000007000000090000000ABF
:10E130000000000B0000000D0000000E0000000FAA
:10E140000000003300000034000000320000000036
:10E150000000002800000000000000000000000097
:10E160000000005C0000005D0000005E0000008513
:10E1700000000000000000E1000000640000001D3D
:10E180000000001B00000006000000190000000550
:10E1900000000011000000100000003600000037F1
:10E1A000000000380000008700000000000000E5CB
:10E1B00000000000000000520000000000000059B4
:10E1C0000000005A0000005B000000580000000042
:10E1D000000000E0000000E3000000E2000000009A
:10E1E000000000000000002C000000000000000003
:10E1F000000000E6000000AC000000650000000028
:10E20000000000E4000000000000000000000050DA
:10E21000000000510000004F0000006200000000FC
:10E22000000000630000000000000000000000008B
:10E2300000000000000000000000000000000000DE
:10E2400000000000000000000000000000000000CE
:10E2500000000000000000000000000000000000BE
:10E2600000000000000000000000000000000000AE
:10E27000000000000000000000000000000000009E
:10E28000000000000000000000000000000000008E
:10E29000000000000000000000000000000000007E
:10E2A000000000000000000000000000000000006E
:10E2B000000000000000000000000000000000005E
:10E2C000000000000000000000000000000000004E
:10E2D000000000000000000000000000000000003E
:10E2E000000000000000000000000000000000002E
:10E2F000000000000000000000000000000000001E
:10E30000000000000000000000000000000000000D
:10E3100000000000000000000000000000000000FD
:10E3200000000000000000000000000000000000ED
:10E3300000000000000000000000000000000000DD
:10E3400000000000000000000000000000000000CD
:10E3500000000000000000000000000000000000BD
:10E3600000000000000000000000000000000000AD
:10E37000000000000000000000000000000000009D
:10E38000000000000000000000000000000000008D
:10E39000000000000000000000000000000000007D
:10E3A000000000000000000000000000000000006D
:10E3B000000000000000000000000000000000005D
:10E3C000000000000000000000000000000000004D
:10E3D000000000000000000000000000000000003D
:10E3E000000000000000000000000000000000002D
:10E3F000000000000000000000000000000000001D
:10E40000AA0E02000004030000000000000000004B
:10E4100000000000000000000000000000000000FC
:10E4200000000000000000000000000000000000EC
:10E4300000000000000000000000000000000000DC
:10E4400000000000000000000000000000000000CC
:10E4500000000000000000000000000000000000BC
:10E4600000000000000000000000000000000000AC
:10E47000000000000000000000000000000000009C
:10E48000000000000000000000000000000000008C
:10E49000000000000000000000000000000000007C
:10E4A000000000000000000000000000000000006C
:10E4B000000000000000000000000000000000005C
:10E4C000000000000000000000000000000000004C
:10E4D000000000000000000000000000000000003C
:10E4E000000000000000000000000000000000002C
:10E4F000000000000000000000000000000000001C
:10E50000000000000000000000000000000000000B
:10E5100000000000000000000000000000000000FB
:10E5200000000000000000000000000000000000EB
:10E5300000000000000000000000000000000000DB
:10E5400000000000000000000000000000000000CB
:10E5500000000000000000000000000000000000BB
:10E5600000000000000000000000000000000000AB
:10E57000000000000000000000000000000000009B
:10E58000000000000000000000000000000000008B
:10E59000000000000000000000000000000000007B
:10E5A000000000000000000000000000000000006B
:10E5B000000000000000000000000000000000005B
:10E5C000000000000000000000000000000000004B
:10E5D000000000000000000000000000000000003B
:10E5E000000000000000000000000000000000002B
:10E5F000000000000000000000000000000000001B
:10E600000000000000000000000000FF0000FF000C
:10E6100000FF0000000000000000000000000000FB
:10E6200000000000000000000000000000000000EA
:10E6300000000000000000000000000000000000DA
:10E6400000000000000000000000000000FF0000CB
:10E65000FF0000FF0000FF0000FF000000000000BE
:10E6600000000000000000000000000000000000AA
:10E6700000000000000000000000FF0000FF00009C
:10E68000000000000000000000000000000000FF8B
:10E690000000FF0000FF0000FF0000FF000000007E
:10E6A000000000000000000000000000000000006A
:10E6B000000000000000000000000000000000FF5B
:10E6C0000000FF000000000000000000000000004B
:10E6D00000000000000000FF0000FF0000FF00003D
:10E6E000000000FF0000000000000000000000002B
:10E6F000000000000000000000000000000000001A
:10E700000000000000000000000000000000000009
:10E71000000000000000000000FF000000000000FA
:10E720000000000000000000000000FF00000000EA
:10E7300000000000000000000000000000000000D9
:10E7400000000000000000000000000000000000C9
:10E750000000000000000000000000000000FF00BA
:10E7600000000000FF0000000000000000FF0000AB
:10E770000000000000000000000000000000000099
:10E780000000000000000000000000000000000089
:10E790000000000000000000000000000000000079
:10E7A0000000000000000000000000000000000069
:10E7B0000000000000000000000000000000000059
:10E7C0000000000000000000000000000000000049
:10E7D0000000000000000000000000000000000039
:10E7E0000000000000000000000000000000000029
:10E7F0000000000000000000000000000000000019
:10E800000000000000000000000000000000000008
:10E8100000000000000000000000000000000000F8
:10E8200000000000000000000000000000000000E8
:10E8300000000000000000000000000000000000D8
:10E8400000000000000000000000000000FF0000C9
:10E85000FF0000FF0000FF0000FF0000FF0000FFBE
:10E8600000000000000000000000000000000000A8
:10E870000000000000000000000000000000000098
:10E880000000000000000000000000000000000088
:10E890000000FF0000FF0000FF0000FF0000FF007D
:10E8A0000000000000000000000000000000000068
:10E8B0000000000000000000000000000000000058
:10E8C0000000000000000000000000000000000048
:10E8D00000000000000000FF0000FF0000FF00003B
:10E8E000FF0000FF0000000000000000000000002A
:10E8F0000000000000000000000000000000000018
:10E900000000000000000000000000000000000007
:10E91000000000000000000000FF000000000000F8
:10E920000000000000FF0000FF00000000000000E9
:10E9300000000000000000000000000000000000D7
:10E9400000000000000000000000000000000000C7
:10E950000000000000000000000000000000FF00B8
:10E9600000000000000000000000000000000000A7
:10E970000000000000000000000000000000000097
:10E980000000000000000000000000000000000087
:10E990000000000000000000000000000000000077
:10E9A0000000000000000000000000000000000067
:10E9B0000000000000000000000000000000000057
:10E9C0000000000000000000000000000000000047
:10E9D0000000000000000000000000000000000037
:10E9E0000000000000000000000000000000000027
:10E9F0000000000000000000000000000000000017
:10EA00000000000000000000000000000000000006
:10EA100000000000000000000000000000000000F6
:10EA200000000000000000000000000000000000E6
:10EA300000000000000000000000000000000000D6
:10EA400000000000000000000000000000FF0000C7
:10EA5000FF0000FF0000FF0000FF0000FF0000FFBC
:10EA600000000000000000000000000000000000A6
:10EA70000000000000000000000000000000000096
:10EA80000000000000000000000000000000000086
:10EA90000000FF0000FF0000FF0000FF000000007A
:10EAA0000000000000000000000000000000000066
:10EAB0000000000000000000000000000000000056
:10EAC0000000000000000000000000000000000046
:10EAD00000000000000000FF0000FF0000FF000039
:10EAE000FF00000000000000000000000000000027
:10EAF0000000000000000000000000000000000016
:10EB00000000000000000000000000000000000005
:10EB100000000000000000000000000000000000F5
:10EB200000000000000000000000000000000000E5
:10EB300000000000000000000000000000000000D5
:10EB400000000000000000000000000000000000C5
:10EB500000000000000000000000000000000000B5
:10EB600000000000000000000000000000000000A5
:10EB70000000000000000000000000000000000095
:10EB80000000000000000000000000000000000085
:10EB90000000000000000000000000000000000075
:10EBA0000000000000000000000000000000000065
:10EBB0000000000000000000000000000000000055
:10EBC0000000000000000000000000000000000045
:10EBD0000000000000000000000000000000000035
:10EBE0000000000000000000000000000000000025
:10EBF0000000000000000000000000000000000015
:10EC00000000000000FF0000000000000000000005
:10EC100000000000000000000000000000000000F4
:10EC200000000000000000000000000000000000E4
:10EC300000000000000000000000000000000000D4
:10EC400000000000000000000000000000000000C4
:10EC500000000000000000000000000000000000B4
:10EC600000000000000000000000000000000000A4
:10EC70000000000000000000000000000000000094
:10EC80000000000000000000000000000000000084
:10EC90000000000000FF0000000000000000000075
:10ECA0000000000000000000000000000000000064
:10ECB0000000000000000000000000000000000054
:10ECC0000000000000000000000000000000000044
:10ECD00000000000000000FF0000FF0000FF000037
:10ECE0000000000000000000000000000000000024
:10ECF0000000000000000000000000000000000014
:10ED00000000000000000000000000000000000003
:10ED100000000000000000000000000000000000F3
:10ED200000000000000000000000000000000000E3
:10ED300000000000000000000000000000000000D3
:10ED4000000000000000000000FF000000000000C4
:10ED500000000000000000000000000000000000B3
:10ED600000000000000000000000000000000000A3
:10ED70000000000000000000000000000000000093
:10ED80000000000000000000000000FF0000FF0085
:10ED900000FF000000000000000000000000000074
:10EDA0000000000000000000000000000000000063
:10EDB0000000000000000000000000000000000053
:10EDC0000000000000000000000000000000000043
:10EDD0000000000000000000000000000000000033
:10EDE0000000000000000000000000000000000023
:10EDF0000000000000000000000000000000000013
:10EE00000000000000000000000000000000000002
:10EE100000000000000000000000000000000000F2
:10EE200000000000000000000000000000000000E2
:10EE300000000000000000000000000000000000D2
:10EE400000000000000000000000000000000000C2
:10EE500000000000000000000000000000000000B2
:10EE600000000000000000000000000000000000A2
:10EE70000000000000000000000000000000000092
:10EE80000000000000000000000000000000000082
:10EE90000000000000000000000000000000000072
:10EEA0000000000000000000000000000000000062
:10EEB0000000000000000000000000000000000052
:10EEC0000000000000000000000000000000000042
:10EED0000000000000000000000000000000000032
:10EEE0000000000000000000000000000000000022
:10EEF0000000000000000000000000000000000012
:10EF00000000000000000000000000000000000001
:10EF100000000000000000000000000000000000F1
:10EF200000000000000000000000000000000000E1
:10EF300000000000000000000000000000000000D1
:10EF400000000000000000000000000000000000C1
:10EF500000000000000000000000000000000000B1
:10EF600000000000000000000000000000000000A1
:10EF70000000000000000000000000000000000091
:10EF80000000000000000000000000000000000081
:10EF90000000000000000000000000000000000071
:10EFA0000000000000000000000000000000000061
:10EFB0000000000000000000000000000000000051
:10EFC0000000000000000000000000000000000041
:10EFD0000000000000000000000000000000000031
:10EFE0000000000000000000000000000000000021
:10EFF0000000000000000000000000000000000011
:00000001FF
